customer_id,customer_name,email,city,state,segment,join_date
C0001,Sunita Sharma,sunita.sharma1@email.com,Surat,Gujarat,Regular,2023-10-09
C0002,Sunita Yadav,sunita.yadav2@email.com,Bangalore,Karnataka,Regular,2023-03-31
C0003,Rahul Verma,rahul.verma3@email.com,Mumbai,Maharashtra,Regular,2023-08-12
C0004,Rahul Yadav,rahul.yadav4@email.com,Lucknow,Uttar Pradesh,Premium,2023-07-23
C0005,Anjali Joshi,anjali.joshi5@email.com,Nagpur,Maharashtra,Regular,2023-08-14
C0006,Rahul Singh,rahul.singh6@email.com,Chennai,Tamil Nadu,Regular,2024-12-15
C0007,Vijay Patel,vijay.patel7@email.com,Chennai,Tamil Nadu,Regular,2023-12-11
C0008,Sunita Gupta,sunita.gupta8@email.com,Pune,Maharashtra,Regular,2023-12-19
C0009,Priya Mehta,priya.mehta9@email.com,Indore,Madhya Pradesh,Regular,2024-07-03
C0010,Ankit Verma,ankit.verma10@email.com,Patna,Bihar,Regular,2024-07-19
C0011,Smita Gupta,smita.gupta11@email.com,Surat,Gujarat,Regular,2024-08-14
C0012,Priya Patel,priya.patel12@email.com,Delhi,Delhi,VIP,2023-10-24
C0013,Pooja Verma,pooja.verma13@email.com,Bhopal,Madhya Pradesh,Regular,2024-01-25
C0014,Divya Singh,divya.singh14@email.com,Surat,Gujarat,Regular,2024-01-15
C0015,Suresh Verma,suresh.verma15@email.com,Surat,Gujarat,Regular,2024-09-15
C0016,Pooja Singh,pooja.singh16@email.com,Jaipur,Rajasthan,Regular,2024-04-18
C0017,Anjali Patel,anjali.patel17@email.com,Patna,Bihar,Regular,2024-12-02
C0018,Priya Patel,priya.patel18@email.com,Indore,Madhya Pradesh,Premium,2023-02-02
C0019,Suresh Verma,suresh.verma19@email.com,Pune,Maharashtra,VIP,2023-08-05
C0020,Arjun Patel,arjun.patel20@email.com,Lucknow,Uttar Pradesh,Regular,2024-11-02
C0021,Manish Singh,manish.singh21@email.com,Patna,Bihar,Regular,2023-09-29
C0022,Anjali Yadav,anjali.yadav22@email.com,Nagpur,Maharashtra,Premium,2023-09-27
C0023,Rohit Joshi,rohit.joshi23@email.com,Pune,Maharashtra,Regular,2024-01-06
C0024,Deepak Mehta,deepak.mehta24@email.com,Bangalore,Karnataka,Premium,2023-04-04
C0025,Sunita Singh,sunita.singh25@email.com,Bhopal,Madhya Pradesh,Regular,2024-10-04
C0026,Ritu Mishra,ritu.mishra26@email.com,Surat,Gujarat,Regular,2023-03-07
C0027,Manish Yadav,manish.yadav27@email.com,Lucknow,Uttar Pradesh,VIP,2023-09-15
C0028,Rahul Verma,rahul.verma28@email.com,Bhopal,Madhya Pradesh,Premium,2024-11-29
C0029,Suresh Gupta,suresh.gupta29@email.com,Indore,Madhya Pradesh,Regular,2023-04-25
C0030,Manish Sharma,manish.sharma30@email.com,Bangalore,Karnataka,VIP,2023-09-27
C0031,Neha Yadav,neha.yadav31@email.com,Indore,Madhya Pradesh,Premium,2023-04-19
C0032,Deepak Mishra,deepak.mishra32@email.com,Chennai,Tamil Nadu,Regular,2023-07-23
C0033,Neha Yadav,neha.yadav33@email.com,Indore,Madhya Pradesh,VIP,2024-06-27
C0034,Arjun Mehta,arjun.mehta34@email.com,Lucknow,Uttar Pradesh,Regular,2023-01-20
C0035,Kavita Patel,kavita.patel35@email.com,Kolkata,West Bengal,Regular,2023-03-01
C0036,Amit Verma,amit.verma36@email.com,Lucknow,Uttar Pradesh,Premium,2024-05-12
C0037,Anjali Singh,anjali.singh37@email.com,Indore,Madhya Pradesh,Premium,2023-05-12
C0038,Neha Kumar,neha.kumar38@email.com,Jaipur,Rajasthan,Premium,2024-06-24
C0039,Raj Yadav,raj.yadav39@email.com,Pune,Maharashtra,Regular,2024-12-07
C0040,Ankit Gupta,ankit.gupta40@email.com,Chennai,Tamil Nadu,Premium,2024-03-24
C0041,Sunita Patel,sunita.patel41@email.com,Ahmedabad,Gujarat,Regular,2023-08-19
C0042,Rohit Yadav,rohit.yadav42@email.com,Mumbai,Maharashtra,Regular,2023-08-24
C0043,Amit Sharma,amit.sharma43@email.com,Mumbai,Maharashtra,Regular,2023-08-23
C0044,Arjun Verma,arjun.verma44@email.com,Mumbai,Maharashtra,Regular,2024-06-10
C0045,Sita Patel,sita.patel45@email.com,Surat,Gujarat,Regular,2024-07-06
C0046,Rohit Mishra,rohit.mishra46@email.com,Patna,Bihar,Regular,2024-04-29
C0047,Ritu Patel,ritu.patel47@email.com,Ahmedabad,Gujarat,Regular,2023-04-07
C0048,Divya Joshi,divya.joshi48@email.com,Pune,Maharashtra,Regular,2024-02-25
C0049,Priya Verma,priya.verma49@email.com,Nagpur,Maharashtra,Regular,2023-03-04
C0050,Sunita Patel,sunita.patel50@email.com,Kolkata,West Bengal,Regular,2023-07-16
C0051,Vijay Joshi,vijay.joshi51@email.com,Ahmedabad,Gujarat,Regular,2023-07-07
C0052,Amit Mehta,amit.mehta52@email.com,Hyderabad,Telangana,Regular,2024-07-17
C0053,Anjali Sharma,anjali.sharma53@email.com,Surat,Gujarat,VIP,2023-04-06
C0054,Pooja Singh,pooja.singh54@email.com,Bhopal,Madhya Pradesh,Regular,2024-02-21
C0055,Ankit Sharma,ankit.sharma55@email.com,Hyderabad,Telangana,Regular,2023-06-18
C0056,Suresh Mehta,suresh.mehta56@email.com,Pune,Maharashtra,Regular,2023-10-20
C0057,Anjali Mehta,anjali.mehta57@email.com,Nagpur,Maharashtra,Regular,2023-06-08
C0058,Priya Mishra,priya.mishra58@email.com,Hyderabad,Telangana,Regular,2024-07-09
C0059,Priya Sharma,priya.sharma59@email.com,Kolkata,West Bengal,Regular,2024-08-21
C0060,Deepak Singh,deepak.singh60@email.com,Patna,Bihar,VIP,2023-02-28
C0061,Neha Verma,neha.verma61@email.com,Delhi,Delhi,Regular,2024-09-01
C0062,Pooja Joshi,pooja.joshi62@email.com,Bhopal,Madhya Pradesh,VIP,2023-05-03
C0063,Pooja Mishra,pooja.mishra63@email.com,Lucknow,Uttar Pradesh,Regular,2024-08-31
C0064,Ritu Mishra,ritu.mishra64@email.com,Delhi,Delhi,Regular,2024-08-01
C0065,Suresh Patel,suresh.patel65@email.com,Patna,Bihar,Premium,2024-11-16
C0066,Suresh Joshi,suresh.joshi66@email.com,Hyderabad,Telangana,Premium,2023-05-15
C0067,Manish Gupta,manish.gupta67@email.com,Chennai,Tamil Nadu,Regular,2023-03-16
C0068,Rohit Verma,rohit.verma68@email.com,Lucknow,Uttar Pradesh,Regular,2023-03-17
C0069,Suresh Singh,suresh.singh69@email.com,Jaipur,Rajasthan,Premium,2023-12-24
C0070,Pooja Gupta,pooja.gupta70@email.com,Patna,Bihar,Regular,2023-10-19
C0071,Anjali Kumar,anjali.kumar71@email.com,Bhopal,Madhya Pradesh,VIP,2024-09-18
C0072,Deepak Sharma,deepak.sharma72@email.com,Indore,Madhya Pradesh,Premium,2024-11-14
C0073,Sunita Singh,sunita.singh73@email.com,Chennai,Tamil Nadu,Regular,2023-09-28
C0074,Anjali Singh,anjali.singh74@email.com,Delhi,Delhi,Regular,2023-10-06
C0075,Arjun Patel,arjun.patel75@email.com,Hyderabad,Telangana,Regular,2024-12-04
C0076,Deepak Mehta,deepak.mehta76@email.com,Chennai,Tamil Nadu,VIP,2023-09-15
C0077,Priya Verma,priya.verma77@email.com,Bhopal,Madhya Pradesh,Regular,2024-10-11
C0078,Priya Sharma,priya.sharma78@email.com,Chennai,Tamil Nadu,Premium,2023-12-08
C0079,Suresh Singh,suresh.singh79@email.com,Surat,Gujarat,Regular,2024-03-28
C0080,Anjali Sharma,anjali.sharma80@email.com,Pune,Maharashtra,Regular,2023-04-25
C0081,Vijay Yadav,vijay.yadav81@email.com,Patna,Bihar,Premium,2023-02-06
C0082,Anjali Singh,anjali.singh82@email.com,Lucknow,Uttar Pradesh,Regular,2024-03-16
C0083,Divya Sharma,divya.sharma83@email.com,Chennai,Tamil Nadu,Regular,2024-01-02
C0084,Sunita Gupta,sunita.gupta84@email.com,Hyderabad,Telangana,Premium,2024-07-27
C0085,Smita Singh,smita.singh85@email.com,Pune,Maharashtra,Premium,2023-08-31
C0086,Neha Joshi,neha.joshi86@email.com,Indore,Madhya Pradesh,Regular,2023-01-26
C0087,Arjun Joshi,arjun.joshi87@email.com,Patna,Bihar,Premium,2024-11-16
C0088,Pooja Kumar,pooja.kumar88@email.com,Indore,Madhya Pradesh,Premium,2023-06-13
C0089,Ankit Sharma,ankit.sharma89@email.com,Delhi,Delhi,Regular,2024-04-26
C0090,Manish Gupta,manish.gupta90@email.com,Bhopal,Madhya Pradesh,Premium,2023-11-09
C0091,Pooja Patel,pooja.patel91@email.com,Bhopal,Madhya Pradesh,Premium,2023-01-25
C0092,Arjun Kumar,arjun.kumar92@email.com,Pune,Maharashtra,VIP,2023-03-13
C0093,Divya Yadav,divya.yadav93@email.com,Chennai,Tamil Nadu,Premium,2024-02-14
C0094,Anjali Gupta,anjali.gupta94@email.com,Bhopal,Madhya Pradesh,Regular,2023-01-29
C0095,Neha Mishra,neha.mishra95@email.com,Chennai,Tamil Nadu,Regular,2023-09-29
C0096,Ritu Gupta,ritu.gupta96@email.com,Lucknow,Uttar Pradesh,Regular,2023-11-18
C0097,Sunita Joshi,sunita.joshi97@email.com,Jaipur,Rajasthan,Regular,2024-08-13
C0098,Ritu Sharma,ritu.sharma98@email.com,Mumbai,Maharashtra,VIP,2024-06-16
C0099,Raj Gupta,raj.gupta99@email.com,Jaipur,Rajasthan,Regular,2024-03-17
C0100,Arjun Mishra,arjun.mishra100@email.com,Surat,Gujarat,Premium,2023-11-18
C0101,Kavita Yadav,kavita.yadav101@email.com,Delhi,Delhi,Premium,2023-11-13
C0102,Ankit Kumar,ankit.kumar102@email.com,Kolkata,West Bengal,Regular,2024-07-21
C0103,Ankit Singh,ankit.singh103@email.com,Pune,Maharashtra,Regular,2024-09-22
C0104,Anjali Sharma,anjali.sharma104@email.com,Pune,Maharashtra,Regular,2023-11-08
C0105,Rohit Mishra,rohit.mishra105@email.com,Pune,Maharashtra,Regular,2024-11-01
C0106,Manish Patel,manish.patel106@email.com,Ahmedabad,Gujarat,Regular,2024-06-07
C0107,Neha Verma,neha.verma107@email.com,Patna,Bihar,Regular,2023-10-18
C0108,Smita Gupta,smita.gupta108@email.com,Surat,Gujarat,Premium,2023-04-06
C0109,Pooja Kumar,pooja.kumar109@email.com,Indore,Madhya Pradesh,Premium,2023-08-19
C0110,Rahul Sharma,rahul.sharma110@email.com,Bangalore,Karnataka,VIP,2023-09-08
C0111,Amit Mehta,amit.mehta111@email.com,Lucknow,Uttar Pradesh,Premium,2024-02-29
C0112,Raj Joshi,raj.joshi112@email.com,Lucknow,Uttar Pradesh,Regular,2024-05-21
C0113,Rahul Verma,rahul.verma113@email.com,Bangalore,Karnataka,Regular,2024-03-11
C0114,Deepak Mehta,deepak.mehta114@email.com,Indore,Madhya Pradesh,Regular,2023-02-21
C0115,Sunita Mehta,sunita.mehta115@email.com,Patna,Bihar,Premium,2023-05-17
C0116,Deepak Yadav,deepak.yadav116@email.com,Surat,Gujarat,Regular,2024-09-01
C0117,Manish Mishra,manish.mishra117@email.com,Indore,Madhya Pradesh,Regular,2024-05-31
C0118,Anjali Mehta,anjali.mehta118@email.com,Patna,Bihar,Premium,2023-06-12
C0119,Manish Kumar,manish.kumar119@email.com,Ahmedabad,Gujarat,Premium,2023-09-11
C0120,Deepak Mehta,deepak.mehta120@email.com,Chennai,Tamil Nadu,Regular,2024-10-03
C0121,Amit Kumar,amit.kumar121@email.com,Ahmedabad,Gujarat,Regular,2023-08-29
C0122,Anjali Verma,anjali.verma122@email.com,Kolkata,West Bengal,Regular,2023-05-22
C0123,Vijay Patel,vijay.patel123@email.com,Pune,Maharashtra,Regular,2023-03-07
C0124,Anjali Mehta,anjali.mehta124@email.com,Kolkata,West Bengal,Regular,2024-03-01
C0125,Ritu Joshi,ritu.joshi125@email.com,Bhopal,Madhya Pradesh,VIP,2024-08-21
C0126,Rohit Joshi,rohit.joshi126@email.com,Mumbai,Maharashtra,Regular,2024-05-03
C0127,Kavita Joshi,kavita.joshi127@email.com,Kolkata,West Bengal,Regular,2024-03-05
C0128,Anjali Mishra,anjali.mishra128@email.com,Nagpur,Maharashtra,Regular,2023-08-14
C0129,Ritu Mehta,ritu.mehta129@email.com,Chennai,Tamil Nadu,Regular,2023-01-30
C0130,Ankit Singh,ankit.singh130@email.com,Surat,Gujarat,VIP,2024-04-23
C0131,Anjali Sharma,anjali.sharma131@email.com,Lucknow,Uttar Pradesh,Regular,2024-02-08
C0132,Rahul Verma,rahul.verma132@email.com,Surat,Gujarat,Regular,2024-10-20
C0133,Manish Singh,manish.singh133@email.com,Bhopal,Madhya Pradesh,Regular,2023-02-21
C0134,Raj Mehta,raj.mehta134@email.com,Kolkata,West Bengal,Regular,2023-12-01
C0135,Ankit Kumar,ankit.kumar135@email.com,Patna,Bihar,Regular,2024-03-07
C0136,Sita Sharma,sita.sharma136@email.com,Delhi,Delhi,Regular,2024-07-06
C0137,Pooja Verma,pooja.verma137@email.com,Kolkata,West Bengal,Regular,2024-10-29
C0138,Pooja Patel,pooja.patel138@email.com,Mumbai,Maharashtra,Regular,2023-01-21
C0139,Vijay Mehta,vijay.mehta139@email.com,Hyderabad,Telangana,Regular,2024-11-16
C0140,Manish Kumar,manish.kumar140@email.com,Hyderabad,Telangana,Regular,2024-01-13
C0141,Sunita Singh,sunita.singh141@email.com,Lucknow,Uttar Pradesh,Regular,2023-11-15
C0142,Kavita Mishra,kavita.mishra142@email.com,Mumbai,Maharashtra,VIP,2024-11-24
C0143,Ankit Patel,ankit.patel143@email.com,Pune,Maharashtra,Regular,2023-03-19
C0144,Pooja Verma,pooja.verma144@email.com,Bhopal,Madhya Pradesh,Premium,2024-12-14
C0145,Smita Verma,smita.verma145@email.com,Bhopal,Madhya Pradesh,Premium,2024-08-02
C0146,Anjali Joshi,anjali.joshi146@email.com,Kolkata,West Bengal,Regular,2024-11-08
C0147,Arjun Sharma,arjun.sharma147@email.com,Jaipur,Rajasthan,Premium,2024-03-06
C0148,Ritu Gupta,ritu.gupta148@email.com,Delhi,Delhi,Premium,2024-10-12
C0149,Vijay Joshi,vijay.joshi149@email.com,Ahmedabad,Gujarat,Premium,2023-06-30
C0150,Suresh Mishra,suresh.mishra150@email.com,Surat,Gujarat,Premium,2024-07-05
C0151,Ritu Mishra,ritu.mishra151@email.com,Ahmedabad,Gujarat,Regular,2023-10-02
C0152,Amit Kumar,amit.kumar152@email.com,Hyderabad,Telangana,Regular,2024-04-06
C0153,Rohit Mishra,rohit.mishra153@email.com,Ahmedabad,Gujarat,Regular,2024-11-15
C0154,Sita Gupta,sita.gupta154@email.com,Mumbai,Maharashtra,Regular,2023-07-06
C0155,Suresh Gupta,suresh.gupta155@email.com,Kolkata,West Bengal,Premium,2023-10-14
C0156,Suresh Yadav,suresh.yadav156@email.com,Nagpur,Maharashtra,Regular,2023-01-11
C0157,Amit Patel,amit.patel157@email.com,Hyderabad,Telangana,Regular,2024-02-21
C0158,Pooja Mehta,pooja.mehta158@email.com,Indore,Madhya Pradesh,Premium,2024-10-23
C0159,Rahul Verma,rahul.verma159@email.com,Ahmedabad,Gujarat,Regular,2023-10-29
C0160,Pooja Kumar,pooja.kumar160@email.com,Nagpur,Maharashtra,Regular,2024-11-10
C0161,Anjali Yadav,anjali.yadav161@email.com,Ahmedabad,Gujarat,Regular,2023-12-19
C0162,Anjali Gupta,anjali.gupta162@email.com,Nagpur,Maharashtra,Premium,2023-12-27
C0163,Kavita Kumar,kavita.kumar163@email.com,Chennai,Tamil Nadu,Regular,2023-08-25
C0164,Arjun Verma,arjun.verma164@email.com,Hyderabad,Telangana,VIP,2024-07-02
C0165,Neha Patel,neha.patel165@email.com,Nagpur,Maharashtra,Premium,2023-08-10
C0166,Rohit Yadav,rohit.yadav166@email.com,Chennai,Tamil Nadu,Regular,2024-09-03
C0167,Raj Kumar,raj.kumar167@email.com,Delhi,Delhi,Regular,2023-08-21
C0168,Rahul Yadav,rahul.yadav168@email.com,Chennai,Tamil Nadu,Regular,2023-05-10
C0169,Anjali Kumar,anjali.kumar169@email.com,Mumbai,Maharashtra,VIP,2024-12-15
C0170,Sita Verma,sita.verma170@email.com,Surat,Gujarat,Regular,2023-01-13
C0171,Sita Mehta,sita.mehta171@email.com,Ahmedabad,Gujarat,Regular,2023-12-15
C0172,Suresh Mehta,suresh.mehta172@email.com,Mumbai,Maharashtra,Premium,2023-04-27
C0173,Sita Verma,sita.verma173@email.com,Pune,Maharashtra,Regular,2024-08-13
C0174,Vijay Singh,vijay.singh174@email.com,Mumbai,Maharashtra,VIP,2024-07-30
C0175,Pooja Verma,pooja.verma175@email.com,Delhi,Delhi,Premium,2024-07-25
C0176,Smita Mishra,smita.mishra176@email.com,Lucknow,Uttar Pradesh,Premium,2023-08-20
C0177,Manish Mehta,manish.mehta177@email.com,Pune,Maharashtra,Premium,2023-11-01
C0178,Kavita Mishra,kavita.mishra178@email.com,Pune,Maharashtra,Regular,2024-09-27
C0179,Sunita Patel,sunita.patel179@email.com,Nagpur,Maharashtra,Regular,2024-10-02
C0180,Amit Singh,amit.singh180@email.com,Surat,Gujarat,Regular,2023-09-03
C0181,Neha Sharma,neha.sharma181@email.com,Delhi,Delhi,Regular,2024-02-23
C0182,Sita Kumar,sita.kumar182@email.com,Lucknow,Uttar Pradesh,Regular,2023-02-03
C0183,Kavita Mehta,kavita.mehta183@email.com,Nagpur,Maharashtra,Premium,2023-03-14
C0184,Suresh Mishra,suresh.mishra184@email.com,Patna,Bihar,Premium,2024-11-08
C0185,Ritu Verma,ritu.verma185@email.com,Hyderabad,Telangana,Regular,2024-07-11
C0186,Suresh Singh,suresh.singh186@email.com,Bangalore,Karnataka,Regular,2023-03-15
C0187,Kavita Mishra,kavita.mishra187@email.com,Indore,Madhya Pradesh,VIP,2024-08-05
C0188,Sunita Mehta,sunita.mehta188@email.com,Ahmedabad,Gujarat,Regular,2024-12-06
C0189,Suresh Yadav,suresh.yadav189@email.com,Pune,Maharashtra,Regular,2024-07-06
C0190,Smita Sharma,smita.sharma190@email.com,Delhi,Delhi,Premium,2024-03-18
C0191,Suresh Sharma,suresh.sharma191@email.com,Lucknow,Uttar Pradesh,Regular,2023-04-04
C0192,Rohit Mishra,rohit.mishra192@email.com,Surat,Gujarat,VIP,2023-01-22
C0193,Suresh Mishra,suresh.mishra193@email.com,Surat,Gujarat,Premium,2023-02-11
C0194,Sita Yadav,sita.yadav194@email.com,Bangalore,Karnataka,Regular,2024-10-29
C0195,Neha Mishra,neha.mishra195@email.com,Chennai,Tamil Nadu,Regular,2024-03-22
C0196,Amit Mehta,amit.mehta196@email.com,Ahmedabad,Gujarat,Regular,2023-12-23
C0197,Sunita Singh,sunita.singh197@email.com,Kolkata,West Bengal,Regular,2023-12-04
C0198,Kavita Joshi,kavita.joshi198@email.com,Ahmedabad,Gujarat,Regular,2024-07-17
C0199,Arjun Kumar,arjun.kumar199@email.com,Delhi,Delhi,Regular,2023-11-28
C0200,Ankit Yadav,ankit.yadav200@email.com,Indore,Madhya Pradesh,Premium,2023-01-02
C0201,Manish Joshi,manish.joshi201@email.com,Jaipur,Rajasthan,Regular,2023-02-25
C0202,Smita Mehta,smita.mehta202@email.com,Kolkata,West Bengal,Regular,2024-10-02
C0203,Raj Kumar,raj.kumar203@email.com,Mumbai,Maharashtra,Regular,2024-07-16
C0204,Manish Mehta,manish.mehta204@email.com,Chennai,Tamil Nadu,Regular,2023-05-05
C0205,Smita Patel,smita.patel205@email.com,Surat,Gujarat,Regular,2024-12-27
C0206,Rahul Yadav,rahul.yadav206@email.com,Jaipur,Rajasthan,Regular,2024-02-22
C0207,Sunita Mehta,sunita.mehta207@email.com,Bhopal,Madhya Pradesh,Regular,2023-05-01
C0208,Sita Kumar,sita.kumar208@email.com,Bangalore,Karnataka,Premium,2024-06-05
C0209,Sita Mehta,sita.mehta209@email.com,Pune,Maharashtra,Regular,2023-09-07
C0210,Ankit Patel,ankit.patel210@email.com,Bangalore,Karnataka,Regular,2024-09-05
C0211,Vijay Verma,vijay.verma211@email.com,Patna,Bihar,Premium,2023-10-10
C0212,Ritu Gupta,ritu.gupta212@email.com,Bhopal,Madhya Pradesh,Regular,2024-06-03
C0213,Kavita Kumar,kavita.kumar213@email.com,Mumbai,Maharashtra,Regular,2024-08-24
C0214,Sita Singh,sita.singh214@email.com,Surat,Gujarat,Regular,2024-04-02
C0215,Arjun Yadav,arjun.yadav215@email.com,Kolkata,West Bengal,Regular,2024-07-10
C0216,Arjun Patel,arjun.patel216@email.com,Patna,Bihar,Regular,2024-12-15
C0217,Pooja Joshi,pooja.joshi217@email.com,Pune,Maharashtra,Regular,2023-02-14
C0218,Ankit Joshi,ankit.joshi218@email.com,Ahmedabad,Gujarat,Premium,2024-11-10
C0219,Vijay Mehta,vijay.mehta219@email.com,Surat,Gujarat,Regular,2023-02-07
C0220,Arjun Verma,arjun.verma220@email.com,Lucknow,Uttar Pradesh,Regular,2024-03-26
C0221,Manish Sharma,manish.sharma221@email.com,Patna,Bihar,Regular,2023-05-28
C0222,Vijay Verma,vijay.verma222@email.com,Surat,Gujarat,Premium,2024-04-25
C0223,Arjun Mishra,arjun.mishra223@email.com,Chennai,Tamil Nadu,Regular,2024-12-10
C0224,Arjun Yadav,arjun.yadav224@email.com,Delhi,Delhi,VIP,2024-01-25
C0225,Sita Yadav,sita.yadav225@email.com,Surat,Gujarat,Regular,2023-02-06
C0226,Kavita Patel,kavita.patel226@email.com,Hyderabad,Telangana,Regular,2023-04-03
C0227,Sunita Mehta,sunita.mehta227@email.com,Delhi,Delhi,Premium,2023-06-20
C0228,Rahul Sharma,rahul.sharma228@email.com,Patna,Bihar,Premium,2023-11-29
C0229,Divya Gupta,divya.gupta229@email.com,Chennai,Tamil Nadu,Regular,2024-03-17
C0230,Ritu Mishra,ritu.mishra230@email.com,Jaipur,Rajasthan,Premium,2024-11-29
C0231,Neha Verma,neha.verma231@email.com,Bangalore,Karnataka,Premium,2024-09-16
C0232,Pooja Mehta,pooja.mehta232@email.com,Lucknow,Uttar Pradesh,Regular,2024-08-20
C0233,Suresh Mehta,suresh.mehta233@email.com,Ahmedabad,Gujarat,Premium,2023-09-19
C0234,Manish Kumar,manish.kumar234@email.com,Patna,Bihar,Regular,2024-11-24
C0235,Manish Gupta,manish.gupta235@email.com,Delhi,Delhi,Regular,2024-08-24
C0236,Suresh Mehta,suresh.mehta236@email.com,Pune,Maharashtra,Regular,2023-11-06
C0237,Sita Verma,sita.verma237@email.com,Pune,Maharashtra,Regular,2023-08-31
C0238,Rohit Kumar,rohit.kumar238@email.com,Kolkata,West Bengal,Regular,2024-12-17
C0239,Ankit Kumar,ankit.kumar239@email.com,Bhopal,Madhya Pradesh,Regular,2023-01-09
C0240,Priya Mishra,priya.mishra240@email.com,Surat,Gujarat,Premium,2024-05-23
C0241,Kavita Patel,kavita.patel241@email.com,Patna,Bihar,Premium,2024-09-13
C0242,Raj Mishra,raj.mishra242@email.com,Hyderabad,Telangana,Premium,2023-09-14
C0243,Vijay Verma,vijay.verma243@email.com,Nagpur,Maharashtra,Regular,2024-10-04
C0244,Manish Sharma,manish.sharma244@email.com,Chennai,Tamil Nadu,Regular,2024-08-16
C0245,Amit Kumar,amit.kumar245@email.com,Bangalore,Karnataka,Premium,2023-12-01
C0246,Raj Singh,raj.singh246@email.com,Bangalore,Karnataka,Premium,2024-07-06
C0247,Deepak Yadav,deepak.yadav247@email.com,Kolkata,West Bengal,Premium,2023-10-07
C0248,Sita Kumar,sita.kumar248@email.com,Chennai,Tamil Nadu,Premium,2023-12-13
C0249,Amit Singh,amit.singh249@email.com,Ahmedabad,Gujarat,Premium,2023-08-20
C0250,Ankit Yadav,ankit.yadav250@email.com,Nagpur,Maharashtra,Regular,2024-01-10
C0251,Rahul Kumar,rahul.kumar251@email.com,Pune,Maharashtra,Regular,2024-07-03
C0252,Suresh Mishra,suresh.mishra252@email.com,Kolkata,West Bengal,Premium,2024-01-26
C0253,Sunita Patel,sunita.patel253@email.com,Kolkata,West Bengal,Regular,2024-04-27
C0254,Anjali Gupta,anjali.gupta254@email.com,Patna,Bihar,Regular,2024-09-16
C0255,Manish Kumar,manish.kumar255@email.com,Delhi,Delhi,Regular,2024-10-26
C0256,Priya Sharma,priya.sharma256@email.com,Bangalore,Karnataka,VIP,2023-11-08
C0257,Sunita Patel,sunita.patel257@email.com,Delhi,Delhi,Regular,2024-07-04
C0258,Divya Yadav,divya.yadav258@email.com,Ahmedabad,Gujarat,Regular,2024-03-05
C0259,Vijay Joshi,vijay.joshi259@email.com,Nagpur,Maharashtra,Regular,2024-11-01
C0260,Smita Joshi,smita.joshi260@email.com,Ahmedabad,Gujarat,Regular,2023-10-14
C0261,Raj Mehta,raj.mehta261@email.com,Kolkata,West Bengal,VIP,2024-03-31
C0262,Divya Verma,divya.verma262@email.com,Bhopal,Madhya Pradesh,Regular,2024-12-03
C0263,Divya Sharma,divya.sharma263@email.com,Patna,Bihar,Regular,2024-02-12
C0264,Manish Verma,manish.verma264@email.com,Delhi,Delhi,Regular,2024-11-09
C0265,Smita Sharma,smita.sharma265@email.com,Surat,Gujarat,Premium,2023-02-21
C0266,Vijay Mishra,vijay.mishra266@email.com,Hyderabad,Telangana,Regular,2023-07-30
C0267,Anjali Patel,anjali.patel267@email.com,Indore,Madhya Pradesh,Regular,2024-08-23
C0268,Pooja Gupta,pooja.gupta268@email.com,Bhopal,Madhya Pradesh,Premium,2023-06-01
C0269,Rahul Kumar,rahul.kumar269@email.com,Lucknow,Uttar Pradesh,VIP,2023-05-29
C0270,Suresh Singh,suresh.singh270@email.com,Jaipur,Rajasthan,Premium,2023-04-23
C0271,Vijay Sharma,vijay.sharma271@email.com,Mumbai,Maharashtra,Premium,2024-01-02
C0272,Rohit Gupta,rohit.gupta272@email.com,Hyderabad,Telangana,Regular,2023-01-17
C0273,Vijay Joshi,vijay.joshi273@email.com,Mumbai,Maharashtra,Regular,2024-06-22
C0274,Sita Mehta,sita.mehta274@email.com,Delhi,Delhi,Regular,2024-01-06
C0275,Manish Yadav,manish.yadav275@email.com,Delhi,Delhi,VIP,2023-08-15
C0276,Deepak Kumar,deepak.kumar276@email.com,Mumbai,Maharashtra,Regular,2024-04-14
C0277,Priya Mehta,priya.mehta277@email.com,Mumbai,Maharashtra,Regular,2024-02-16
C0278,Sita Mehta,sita.mehta278@email.com,Delhi,Delhi,Premium,2023-03-17
C0279,Smita Singh,smita.singh279@email.com,Kolkata,West Bengal,Regular,2023-03-09
C0280,Rohit Yadav,rohit.yadav280@email.com,Lucknow,Uttar Pradesh,Regular,2024-12-30
C0281,Deepak Kumar,deepak.kumar281@email.com,Lucknow,Uttar Pradesh,Regular,2024-04-09
C0282,Sunita Verma,sunita.verma282@email.com,Pune,Maharashtra,Premium,2024-11-01
C0283,Anjali Patel,anjali.patel283@email.com,Indore,Madhya Pradesh,Regular,2024-03-16
C0284,Ritu Gupta,ritu.gupta284@email.com,Hyderabad,Telangana,Regular,2024-04-09
C0285,Sunita Gupta,sunita.gupta285@email.com,Nagpur,Maharashtra,Regular,2024-03-13
C0286,Divya Singh,divya.singh286@email.com,Chennai,Tamil Nadu,VIP,2024-12-04
C0287,Amit Verma,amit.verma287@email.com,Delhi,Delhi,Regular,2023-04-06
C0288,Divya Singh,divya.singh288@email.com,Nagpur,Maharashtra,Regular,2024-07-23
C0289,Anjali Gupta,anjali.gupta289@email.com,Jaipur,Rajasthan,Regular,2024-11-17
C0290,Ritu Sharma,ritu.sharma290@email.com,Kolkata,West Bengal,Regular,2023-10-22
C0291,Sunita Mishra,sunita.mishra291@email.com,Kolkata,West Bengal,Regular,2024-06-03
C0292,Sita Patel,sita.patel292@email.com,Surat,Gujarat,Regular,2023-04-21
C0293,Divya Verma,divya.verma293@email.com,Jaipur,Rajasthan,Regular,2023-10-13
C0294,Ritu Yadav,ritu.yadav294@email.com,Indore,Madhya Pradesh,Regular,2024-09-28
C0295,Anjali Sharma,anjali.sharma295@email.com,Surat,Gujarat,VIP,2024-09-15
C0296,Suresh Sharma,suresh.sharma296@email.com,Bhopal,Madhya Pradesh,Regular,2023-07-04
C0297,Kavita Gupta,kavita.gupta297@email.com,Indore,Madhya Pradesh,Regular,2023-12-26
C0298,Vijay Mishra,vijay.mishra298@email.com,Bhopal,Madhya Pradesh,Regular,2024-11-04
C0299,Rahul Verma,rahul.verma299@email.com,Bangalore,Karnataka,Regular,2024-06-27
C0300,Manish Gupta,manish.gupta300@email.com,Pune,Maharashtra,Regular,2023-06-11
C0301,Arjun Mishra,arjun.mishra301@email.com,Nagpur,Maharashtra,Regular,2024-09-02
C0302,Vijay Singh,vijay.singh302@email.com,Mumbai,Maharashtra,Regular,2024-09-24
C0303,Suresh Mehta,suresh.mehta303@email.com,Delhi,Delhi,Regular,2024-11-08
C0304,Manish Joshi,manish.joshi304@email.com,Lucknow,Uttar Pradesh,Regular,2023-10-07
C0305,Sunita Gupta,sunita.gupta305@email.com,Jaipur,Rajasthan,Regular,2024-03-16
C0306,Rohit Mehta,rohit.mehta306@email.com,Surat,Gujarat,Premium,2024-06-23
C0307,Pooja Joshi,pooja.joshi307@email.com,Mumbai,Maharashtra,Regular,2024-09-05
C0308,Kavita Patel,kavita.patel308@email.com,Hyderabad,Telangana,Premium,2023-05-21
C0309,Arjun Verma,arjun.verma309@email.com,Chennai,Tamil Nadu,Regular,2023-01-08
C0310,Neha Singh,neha.singh310@email.com,Pune,Maharashtra,Regular,2024-01-25
C0311,Deepak Yadav,deepak.yadav311@email.com,Hyderabad,Telangana,Premium,2024-11-15
C0312,Ankit Sharma,ankit.sharma312@email.com,Delhi,Delhi,Regular,2024-03-22
C0313,Amit Gupta,amit.gupta313@email.com,Patna,Bihar,Regular,2024-08-12
C0314,Ritu Kumar,ritu.kumar314@email.com,Pune,Maharashtra,Regular,2023-04-28
C0315,Neha Mishra,neha.mishra315@email.com,Kolkata,West Bengal,Premium,2024-04-16
C0316,Divya Verma,divya.verma316@email.com,Patna,Bihar,Premium,2024-03-23
C0317,Ritu Mishra,ritu.mishra317@email.com,Hyderabad,Telangana,Regular,2024-02-15
C0318,Kavita Gupta,kavita.gupta318@email.com,Pune,Maharashtra,Regular,2023-08-15
C0319,Amit Yadav,amit.yadav319@email.com,Bangalore,Karnataka,Regular,2024-10-10
C0320,Raj Gupta,raj.gupta320@email.com,Jaipur,Rajasthan,Premium,2023-12-26
C0321,Vijay Patel,vijay.patel321@email.com,Bhopal,Madhya Pradesh,Regular,2023-04-16
C0322,Neha Mishra,neha.mishra322@email.com,Hyderabad,Telangana,Premium,2023-06-06
C0323,Amit Singh,amit.singh323@email.com,Surat,Gujarat,Regular,2024-10-05
C0324,Rohit Mishra,rohit.mishra324@email.com,Indore,Madhya Pradesh,Premium,2024-04-04
C0325,Rohit Mishra,rohit.mishra325@email.com,Patna,Bihar,Premium,2023-11-27
C0326,Arjun Singh,arjun.singh326@email.com,Surat,Gujarat,Regular,2024-03-26
C0327,Kavita Kumar,kavita.kumar327@email.com,Ahmedabad,Gujarat,Regular,2024-08-28
C0328,Amit Kumar,amit.kumar328@email.com,Jaipur,Rajasthan,Regular,2024-04-17
C0329,Divya Kumar,divya.kumar329@email.com,Mumbai,Maharashtra,Regular,2023-03-20
C0330,Amit Mishra,amit.mishra330@email.com,Bhopal,Madhya Pradesh,Regular,2024-08-31
C0331,Rohit Yadav,rohit.yadav331@email.com,Ahmedabad,Gujarat,Regular,2023-02-12
C0332,Rohit Patel,rohit.patel332@email.com,Indore,Madhya Pradesh,Regular,2023-11-26
C0333,Vijay Sharma,vijay.sharma333@email.com,Jaipur,Rajasthan,Regular,2024-04-06
C0334,Arjun Verma,arjun.verma334@email.com,Patna,Bihar,Regular,2024-05-31
C0335,Pooja Mehta,pooja.mehta335@email.com,Mumbai,Maharashtra,Regular,2024-03-25
C0336,Neha Gupta,neha.gupta336@email.com,Lucknow,Uttar Pradesh,VIP,2024-01-17
C0337,Ritu Gupta,ritu.gupta337@email.com,Pune,Maharashtra,Regular,2024-11-26
C0338,Arjun Verma,arjun.verma338@email.com,Indore,Madhya Pradesh,Regular,2023-12-04
C0339,Ankit Kumar,ankit.kumar339@email.com,Surat,Gujarat,Premium,2023-09-16
C0340,Smita Singh,smita.singh340@email.com,Surat,Gujarat,Regular,2023-12-08
C0341,Vijay Gupta,vijay.gupta341@email.com,Surat,Gujarat,VIP,2023-11-14
C0342,Ankit Singh,ankit.singh342@email.com,Nagpur,Maharashtra,Premium,2024-09-01
C0343,Kavita Yadav,kavita.yadav343@email.com,Delhi,Delhi,Regular,2024-01-21
C0344,Vijay Yadav,vijay.yadav344@email.com,Kolkata,West Bengal,Regular,2023-04-06
C0345,Deepak Gupta,deepak.gupta345@email.com,Pune,Maharashtra,Regular,2023-01-19
C0346,Raj Gupta,raj.gupta346@email.com,Bangalore,Karnataka,Regular,2024-05-12
C0347,Vijay Verma,vijay.verma347@email.com,Bangalore,Karnataka,Premium,2023-10-30
C0348,Deepak Yadav,deepak.yadav348@email.com,Delhi,Delhi,Regular,2024-06-23
C0349,Smita Singh,smita.singh349@email.com,Kolkata,West Bengal,Regular,2024-09-03
C0350,Neha Mishra,neha.mishra350@email.com,Bangalore,Karnataka,Premium,2023-06-19
C0351,Ritu Gupta,ritu.gupta351@email.com,Mumbai,Maharashtra,Premium,2024-11-23
C0352,Smita Kumar,smita.kumar352@email.com,Ahmedabad,Gujarat,Regular,2024-04-04
C0353,Kavita Mehta,kavita.mehta353@email.com,Hyderabad,Telangana,Regular,2023-07-18
C0354,Manish Mehta,manish.mehta354@email.com,Lucknow,Uttar Pradesh,Premium,2023-10-16
C0355,Deepak Joshi,deepak.joshi355@email.com,Jaipur,Rajasthan,Premium,2023-06-15
C0356,Smita Singh,smita.singh356@email.com,Indore,Madhya Pradesh,Regular,2023-09-14
C0357,Divya Yadav,divya.yadav357@email.com,Ahmedabad,Gujarat,Premium,2023-04-16
C0358,Sunita Kumar,sunita.kumar358@email.com,Jaipur,Rajasthan,Premium,2023-03-27
C0359,Manish Yadav,manish.yadav359@email.com,Chennai,Tamil Nadu,Premium,2023-05-31
C0360,Pooja Mehta,pooja.mehta360@email.com,Delhi,Delhi,VIP,2023-12-24
C0361,Priya Joshi,priya.joshi361@email.com,Pune,Maharashtra,Regular,2024-05-29
C0362,Amit Gupta,amit.gupta362@email.com,Pune,Maharashtra,Regular,2023-08-18
C0363,Sunita Gupta,sunita.gupta363@email.com,Patna,Bihar,Regular,2023-05-30
C0364,Sita Singh,sita.singh364@email.com,Chennai,Tamil Nadu,Regular,2024-12-23
C0365,Rahul Verma,rahul.verma365@email.com,Lucknow,Uttar Pradesh,Regular,2023-01-20
C0366,Vijay Yadav,vijay.yadav366@email.com,Bhopal,Madhya Pradesh,Regular,2024-09-15
C0367,Kavita Patel,kavita.patel367@email.com,Delhi,Delhi,Regular,2023-11-05
C0368,Ritu Mishra,ritu.mishra368@email.com,Hyderabad,Telangana,Regular,2024-04-13
C0369,Sita Mishra,sita.mishra369@email.com,Bhopal,Madhya Pradesh,Regular,2024-07-02
C0370,Rohit Patel,rohit.patel370@email.com,Jaipur,Rajasthan,Regular,2023-05-28
C0371,Smita Gupta,smita.gupta371@email.com,Mumbai,Maharashtra,Regular,2023-09-04
C0372,Amit Yadav,amit.yadav372@email.com,Bangalore,Karnataka,Regular,2024-01-05
C0373,Anjali Yadav,anjali.yadav373@email.com,Jaipur,Rajasthan,Regular,2024-06-03
C0374,Sita Sharma,sita.sharma374@email.com,Pune,Maharashtra,Regular,2024-10-12
C0375,Suresh Sharma,suresh.sharma375@email.com,Kolkata,West Bengal,Premium,2024-01-01
C0376,Pooja Verma,pooja.verma376@email.com,Kolkata,West Bengal,Premium,2024-08-18
C0377,Vijay Sharma,vijay.sharma377@email.com,Kolkata,West Bengal,Regular,2023-12-27
C0378,Neha Mehta,neha.mehta378@email.com,Bhopal,Madhya Pradesh,Regular,2024-12-13
C0379,Vijay Verma,vijay.verma379@email.com,Bangalore,Karnataka,Regular,2024-04-13
C0380,Priya Patel,priya.patel380@email.com,Hyderabad,Telangana,Regular,2023-02-12
C0381,Deepak Joshi,deepak.joshi381@email.com,Chennai,Tamil Nadu,Regular,2024-07-10
C0382,Raj Kumar,raj.kumar382@email.com,Mumbai,Maharashtra,Premium,2024-01-01
C0383,Arjun Kumar,arjun.kumar383@email.com,Mumbai,Maharashtra,Premium,2023-05-08
C0384,Ankit Mehta,ankit.mehta384@email.com,Pune,Maharashtra,Regular,2024-01-31
C0385,Sita Mehta,sita.mehta385@email.com,Bangalore,Karnataka,VIP,2024-01-12
C0386,Suresh Verma,suresh.verma386@email.com,Jaipur,Rajasthan,Regular,2024-03-10
C0387,Neha Yadav,neha.yadav387@email.com,Lucknow,Uttar Pradesh,Regular,2023-10-28
C0388,Arjun Kumar,arjun.kumar388@email.com,Delhi,Delhi,Regular,2023-11-10
C0389,Ritu Singh,ritu.singh389@email.com,Nagpur,Maharashtra,Regular,2024-12-07
C0390,Priya Gupta,priya.gupta390@email.com,Ahmedabad,Gujarat,VIP,2024-09-21
C0391,Priya Verma,priya.verma391@email.com,Chennai,Tamil Nadu,Regular,2024-11-18
C0392,Deepak Singh,deepak.singh392@email.com,Kolkata,West Bengal,Regular,2023-02-01
C0393,Manish Sharma,manish.sharma393@email.com,Lucknow,Uttar Pradesh,Regular,2023-05-10
C0394,Divya Gupta,divya.gupta394@email.com,Indore,Madhya Pradesh,VIP,2024-01-28
C0395,Smita Singh,smita.singh395@email.com,Mumbai,Maharashtra,Regular,2024-11-26
C0396,Divya Mehta,divya.mehta396@email.com,Kolkata,West Bengal,Regular,2023-03-20
C0397,Divya Joshi,divya.joshi397@email.com,Jaipur,Rajasthan,Regular,2023-11-18
C0398,Sunita Sharma,sunita.sharma398@email.com,Hyderabad,Telangana,Regular,2023-07-10
C0399,Anjali Verma,anjali.verma399@email.com,Pune,Maharashtra,Premium,2023-09-26
C0400,Manish Patel,manish.patel400@email.com,Nagpur,Maharashtra,Regular,2024-09-18
C0401,Sita Patel,sita.patel401@email.com,Patna,Bihar,Regular,2023-05-06
C0402,Manish Singh,manish.singh402@email.com,Delhi,Delhi,Regular,2024-12-31
C0403,Arjun Gupta,arjun.gupta403@email.com,Delhi,Delhi,Regular,2024-12-27
C0404,Kavita Kumar,kavita.kumar404@email.com,Jaipur,Rajasthan,Premium,2023-06-11
C0405,Neha Gupta,neha.gupta405@email.com,Patna,Bihar,Regular,2024-06-04
C0406,Vijay Patel,vijay.patel406@email.com,Hyderabad,Telangana,Regular,2024-05-20
C0407,Rohit Gupta,rohit.gupta407@email.com,Jaipur,Rajasthan,Premium,2024-04-23
C0408,Vijay Mishra,vijay.mishra408@email.com,Jaipur,Rajasthan,Regular,2023-03-30
C0409,Sita Yadav,sita.yadav409@email.com,Pune,Maharashtra,Premium,2024-02-25
C0410,Rohit Verma,rohit.verma410@email.com,Bhopal,Madhya Pradesh,VIP,2023-05-09
C0411,Amit Mehta,amit.mehta411@email.com,Surat,Gujarat,Premium,2024-04-22
C0412,Vijay Yadav,vijay.yadav412@email.com,Kolkata,West Bengal,Regular,2024-10-17
C0413,Vijay Joshi,vijay.joshi413@email.com,Indore,Madhya Pradesh,VIP,2024-05-29
C0414,Sunita Yadav,sunita.yadav414@email.com,Mumbai,Maharashtra,Regular,2023-06-06
C0415,Arjun Patel,arjun.patel415@email.com,Bangalore,Karnataka,VIP,2023-12-21
C0416,Kavita Verma,kavita.verma416@email.com,Jaipur,Rajasthan,Regular,2023-09-14
C0417,Suresh Singh,suresh.singh417@email.com,Jaipur,Rajasthan,Regular,2024-10-02
C0418,Amit Yadav,amit.yadav418@email.com,Jaipur,Rajasthan,Regular,2024-10-18
C0419,Vijay Singh,vijay.singh419@email.com,Lucknow,Uttar Pradesh,Regular,2024-11-05
C0420,Smita Gupta,smita.gupta420@email.com,Patna,Bihar,Regular,2024-07-31
C0421,Rahul Verma,rahul.verma421@email.com,Bhopal,Madhya Pradesh,VIP,2023-02-16
C0422,Rohit Kumar,rohit.kumar422@email.com,Indore,Madhya Pradesh,Regular,2024-10-28
C0423,Ritu Mishra,ritu.mishra423@email.com,Lucknow,Uttar Pradesh,Regular,2024-10-16
C0424,Anjali Kumar,anjali.kumar424@email.com,Patna,Bihar,VIP,2024-10-19
C0425,Pooja Joshi,pooja.joshi425@email.com,Ahmedabad,Gujarat,Regular,2023-11-01
C0426,Priya Singh,priya.singh426@email.com,Nagpur,Maharashtra,Regular,2024-03-26
C0427,Raj Gupta,raj.gupta427@email.com,Ahmedabad,Gujarat,Regular,2024-09-13
C0428,Arjun Gupta,arjun.gupta428@email.com,Bhopal,Madhya Pradesh,Regular,2024-02-13
C0429,Deepak Yadav,deepak.yadav429@email.com,Kolkata,West Bengal,Regular,2023-04-19
C0430,Sunita Kumar,sunita.kumar430@email.com,Ahmedabad,Gujarat,Regular,2024-04-05
C0431,Priya Kumar,priya.kumar431@email.com,Delhi,Delhi,Premium,2024-01-29
C0432,Pooja Singh,pooja.singh432@email.com,Pune,Maharashtra,VIP,2023-12-02
C0433,Arjun Patel,arjun.patel433@email.com,Nagpur,Maharashtra,Regular,2023-06-13
C0434,Manish Mehta,manish.mehta434@email.com,Jaipur,Rajasthan,Regular,2023-11-12
C0435,Ankit Yadav,ankit.yadav435@email.com,Delhi,Delhi,VIP,2024-04-13
C0436,Rohit Gupta,rohit.gupta436@email.com,Hyderabad,Telangana,Regular,2023-02-19
C0437,Smita Mehta,smita.mehta437@email.com,Ahmedabad,Gujarat,Regular,2023-10-20
C0438,Sunita Joshi,sunita.joshi438@email.com,Bhopal,Madhya Pradesh,Premium,2023-05-18
C0439,Divya Joshi,divya.joshi439@email.com,Nagpur,Maharashtra,Regular,2024-01-10
C0440,Rohit Yadav,rohit.yadav440@email.com,Mumbai,Maharashtra,Regular,2023-07-19
C0441,Amit Joshi,amit.joshi441@email.com,Chennai,Tamil Nadu,Regular,2024-05-31
C0442,Suresh Mishra,suresh.mishra442@email.com,Jaipur,Rajasthan,Regular,2024-11-27
C0443,Sunita Joshi,sunita.joshi443@email.com,Bangalore,Karnataka,Premium,2024-01-18
C0444,Anjali Gupta,anjali.gupta444@email.com,Kolkata,West Bengal,Regular,2023-05-28
C0445,Ankit Yadav,ankit.yadav445@email.com,Jaipur,Rajasthan,Regular,2023-02-11
C0446,Arjun Mehta,arjun.mehta446@email.com,Bangalore,Karnataka,Regular,2024-06-15
C0447,Deepak Singh,deepak.singh447@email.com,Lucknow,Uttar Pradesh,VIP,2023-12-02
C0448,Neha Joshi,neha.joshi448@email.com,Kolkata,West Bengal,Premium,2024-09-23
C0449,Rohit Gupta,rohit.gupta449@email.com,Chennai,Tamil Nadu,Premium,2024-06-03
C0450,Sita Mishra,sita.mishra450@email.com,Jaipur,Rajasthan,Regular,2023-11-03
C0451,Divya Gupta,divya.gupta451@email.com,Mumbai,Maharashtra,Regular,2024-11-20
C0452,Rohit Kumar,rohit.kumar452@email.com,Pune,Maharashtra,Regular,2024-12-05
C0453,Sita Kumar,sita.kumar453@email.com,Lucknow,Uttar Pradesh,Premium,2024-11-02
C0454,Rohit Mishra,rohit.mishra454@email.com,Indore,Madhya Pradesh,Premium,2023-08-22
C0455,Sita Singh,sita.singh455@email.com,Lucknow,Uttar Pradesh,Regular,2024-06-20
C0456,Ankit Singh,ankit.singh456@email.com,Lucknow,Uttar Pradesh,Regular,2024-11-28
C0457,Sunita Patel,sunita.patel457@email.com,Lucknow,Uttar Pradesh,Regular,2023-01-20
C0458,Vijay Joshi,vijay.joshi458@email.com,Pune,Maharashtra,Regular,2024-12-08
C0459,Smita Mehta,smita.mehta459@email.com,Jaipur,Rajasthan,Premium,2023-03-05
C0460,Raj Yadav,raj.yadav460@email.com,Jaipur,Rajasthan,VIP,2023-11-29
C0461,Deepak Joshi,deepak.joshi461@email.com,Ahmedabad,Gujarat,VIP,2023-11-18
C0462,Anjali Gupta,anjali.gupta462@email.com,Ahmedabad,Gujarat,Regular,2024-07-13
C0463,Suresh Mishra,suresh.mishra463@email.com,Indore,Madhya Pradesh,Regular,2024-05-10
C0464,Suresh Yadav,suresh.yadav464@email.com,Hyderabad,Telangana,Regular,2023-11-02
C0465,Kavita Patel,kavita.patel465@email.com,Chennai,Tamil Nadu,Premium,2024-12-07
C0466,Sita Gupta,sita.gupta466@email.com,Kolkata,West Bengal,VIP,2024-07-27
C0467,Suresh Kumar,suresh.kumar467@email.com,Indore,Madhya Pradesh,Regular,2023-05-05
C0468,Ankit Joshi,ankit.joshi468@email.com,Jaipur,Rajasthan,VIP,2023-12-20
C0469,Vijay Kumar,vijay.kumar469@email.com,Indore,Madhya Pradesh,Regular,2023-02-13
C0470,Amit Gupta,amit.gupta470@email.com,Nagpur,Maharashtra,Premium,2024-03-28
C0471,Sita Patel,sita.patel471@email.com,Nagpur,Maharashtra,Premium,2023-07-26
C0472,Anjali Kumar,anjali.kumar472@email.com,Chennai,Tamil Nadu,Regular,2023-05-21
C0473,Rohit Patel,rohit.patel473@email.com,Nagpur,Maharashtra,Regular,2023-09-06
C0474,Deepak Patel,deepak.patel474@email.com,Patna,Bihar,Regular,2024-10-15
C0475,Ritu Gupta,ritu.gupta475@email.com,Delhi,Delhi,Regular,2024-04-28
C0476,Vijay Sharma,vijay.sharma476@email.com,Indore,Madhya Pradesh,VIP,2024-07-17
C0477,Ritu Mehta,ritu.mehta477@email.com,Bangalore,Karnataka,Premium,2024-05-03
C0478,Kavita Gupta,kavita.gupta478@email.com,Indore,Madhya Pradesh,Regular,2023-10-20
C0479,Amit Mishra,amit.mishra479@email.com,Patna,Bihar,Regular,2023-08-26
C0480,Priya Singh,priya.singh480@email.com,Nagpur,Maharashtra,Premium,2024-03-03
C0481,Priya Joshi,priya.joshi481@email.com,Bangalore,Karnataka,Regular,2024-05-22
C0482,Kavita Sharma,kavita.sharma482@email.com,Nagpur,Maharashtra,Regular,2023-01-10
C0483,Sunita Gupta,sunita.gupta483@email.com,Lucknow,Uttar Pradesh,Regular,2023-10-19
C0484,Anjali Yadav,anjali.yadav484@email.com,Surat,Gujarat,Premium,2024-05-20
C0485,Deepak Mehta,deepak.mehta485@email.com,Bangalore,Karnataka,Regular,2023-10-07
C0486,Arjun Singh,arjun.singh486@email.com,Delhi,Delhi,Regular,2024-04-14
C0487,Neha Sharma,neha.sharma487@email.com,Nagpur,Maharashtra,Premium,2023-12-12
C0488,Raj Singh,raj.singh488@email.com,Lucknow,Uttar Pradesh,Premium,2024-09-17
C0489,Ankit Joshi,ankit.joshi489@email.com,Patna,Bihar,Regular,2024-06-11
C0490,Sunita Singh,sunita.singh490@email.com,Pune,Maharashtra,Regular,2023-05-24
C0491,Pooja Sharma,pooja.sharma491@email.com,Patna,Bihar,Regular,2023-09-25
C0492,Suresh Gupta,suresh.gupta492@email.com,Ahmedabad,Gujarat,Regular,2023-11-06
C0493,Rahul Kumar,rahul.kumar493@email.com,Lucknow,Uttar Pradesh,Regular,2024-10-31
C0494,Priya Verma,priya.verma494@email.com,Hyderabad,Telangana,Regular,2024-04-21
C0495,Deepak Kumar,deepak.kumar495@email.com,Pune,Maharashtra,Regular,2024-12-07
C0496,Kavita Gupta,kavita.gupta496@email.com,Patna,Bihar,Regular,2024-09-21
C0497,Sita Singh,sita.singh497@email.com,Bangalore,Karnataka,Premium,2024-04-10
C0498,Divya Joshi,divya.joshi498@email.com,Lucknow,Uttar Pradesh,Regular,2024-12-19
C0499,Anjali Patel,anjali.patel499@email.com,Ahmedabad,Gujarat,Premium,2023-09-11
C0500,Amit Yadav,amit.yadav500@email.com,Lucknow,Uttar Pradesh,Regular,2024-04-02
C0501,Amit Mishra,amit.mishra501@email.com,Kolkata,West Bengal,Regular,2023-04-25
C0502,Deepak Patel,deepak.patel502@email.com,Jaipur,Rajasthan,Regular,2024-08-09
C0503,Arjun Yadav,arjun.yadav503@email.com,Bangalore,Karnataka,Regular,2024-03-28
C0504,Rohit Mehta,rohit.mehta504@email.com,Hyderabad,Telangana,Premium,2023-04-04
C0505,Priya Mehta,priya.mehta505@email.com,Ahmedabad,Gujarat,Regular,2023-05-16
C0506,Rohit Sharma,rohit.sharma506@email.com,Ahmedabad,Gujarat,Regular,2024-07-26
C0507,Kavita Sharma,kavita.sharma507@email.com,Indore,Madhya Pradesh,Regular,2024-02-10
C0508,Raj Mishra,raj.mishra508@email.com,Mumbai,Maharashtra,Regular,2023-03-16
C0509,Amit Yadav,amit.yadav509@email.com,Kolkata,West Bengal,VIP,2023-03-03
C0510,Sita Sharma,sita.sharma510@email.com,Delhi,Delhi,Regular,2023-10-21
C0511,Vijay Joshi,vijay.joshi511@email.com,Indore,Madhya Pradesh,VIP,2024-01-19
C0512,Manish Joshi,manish.joshi512@email.com,Pune,Maharashtra,Regular,2024-01-20
C0513,Anjali Singh,anjali.singh513@email.com,Surat,Gujarat,Premium,2024-10-31
C0514,Neha Yadav,neha.yadav514@email.com,Delhi,Delhi,Regular,2024-02-07
C0515,Pooja Sharma,pooja.sharma515@email.com,Nagpur,Maharashtra,VIP,2023-01-24
C0516,Anjali Joshi,anjali.joshi516@email.com,Ahmedabad,Gujarat,Regular,2024-06-28
C0517,Pooja Mehta,pooja.mehta517@email.com,Hyderabad,Telangana,Regular,2023-12-21
C0518,Sunita Sharma,sunita.sharma518@email.com,Hyderabad,Telangana,Regular,2024-11-07
C0519,Rahul Patel,rahul.patel519@email.com,Indore,Madhya Pradesh,Regular,2023-07-31
C0520,Priya Mehta,priya.mehta520@email.com,Lucknow,Uttar Pradesh,Premium,2024-09-04
C0521,Priya Patel,priya.patel521@email.com,Bhopal,Madhya Pradesh,Regular,2023-02-15
C0522,Anjali Patel,anjali.patel522@email.com,Hyderabad,Telangana,Regular,2023-02-27
C0523,Pooja Mishra,pooja.mishra523@email.com,Chennai,Tamil Nadu,Regular,2023-11-23
C0524,Arjun Patel,arjun.patel524@email.com,Indore,Madhya Pradesh,Premium,2023-11-06
C0525,Deepak Patel,deepak.patel525@email.com,Surat,Gujarat,Regular,2024-02-28
C0526,Anjali Mishra,anjali.mishra526@email.com,Mumbai,Maharashtra,Regular,2023-06-29
C0527,Anjali Mehta,anjali.mehta527@email.com,Pune,Maharashtra,VIP,2023-02-18
C0528,Ankit Yadav,ankit.yadav528@email.com,Surat,Gujarat,Premium,2023-11-23
C0529,Vijay Kumar,vijay.kumar529@email.com,Pune,Maharashtra,Regular,2024-01-21
C0530,Sita Patel,sita.patel530@email.com,Jaipur,Rajasthan,Regular,2023-08-19
C0531,Vijay Mehta,vijay.mehta531@email.com,Nagpur,Maharashtra,Regular,2023-03-01
C0532,Anjali Yadav,anjali.yadav532@email.com,Pune,Maharashtra,Regular,2023-05-18
C0533,Raj Gupta,raj.gupta533@email.com,Chennai,Tamil Nadu,Regular,2024-10-24
C0534,Divya Verma,divya.verma534@email.com,Ahmedabad,Gujarat,Premium,2024-07-02
C0535,Priya Kumar,priya.kumar535@email.com,Hyderabad,Telangana,Premium,2024-01-22
C0536,Priya Verma,priya.verma536@email.com,Lucknow,Uttar Pradesh,Premium,2023-07-12
C0537,Anjali Patel,anjali.patel537@email.com,Lucknow,Uttar Pradesh,Regular,2024-05-05
C0538,Arjun Kumar,arjun.kumar538@email.com,Patna,Bihar,Regular,2023-01-16
C0539,Sunita Mehta,sunita.mehta539@email.com,Hyderabad,Telangana,Premium,2023-09-06
C0540,Raj Joshi,raj.joshi540@email.com,Nagpur,Maharashtra,Regular,2023-09-03
C0541,Kavita Joshi,kavita.joshi541@email.com,Indore,Madhya Pradesh,Regular,2024-04-22
C0542,Kavita Kumar,kavita.kumar542@email.com,Kolkata,West Bengal,Regular,2024-01-04
C0543,Manish Verma,manish.verma543@email.com,Ahmedabad,Gujarat,Premium,2024-04-25
C0544,Raj Gupta,raj.gupta544@email.com,Kolkata,West Bengal,Regular,2023-11-17
C0545,Pooja Singh,pooja.singh545@email.com,Lucknow,Uttar Pradesh,Regular,2023-01-17
C0546,Rohit Mishra,rohit.mishra546@email.com,Patna,Bihar,Regular,2024-03-03
C0547,Arjun Patel,arjun.patel547@email.com,Hyderabad,Telangana,Regular,2024-01-24
C0548,Sita Yadav,sita.yadav548@email.com,Hyderabad,Telangana,VIP,2024-11-01
C0549,Suresh Mehta,suresh.mehta549@email.com,Kolkata,West Bengal,Premium,2024-10-19
C0550,Neha Gupta,neha.gupta550@email.com,Ahmedabad,Gujarat,Regular,2023-06-23
C0551,Sita Singh,sita.singh551@email.com,Jaipur,Rajasthan,VIP,2024-07-09
C0552,Deepak Sharma,deepak.sharma552@email.com,Mumbai,Maharashtra,VIP,2023-03-18
C0553,Priya Sharma,priya.sharma553@email.com,Surat,Gujarat,Regular,2024-02-27
C0554,Pooja Verma,pooja.verma554@email.com,Surat,Gujarat,Regular,2024-12-25
C0555,Deepak Mehta,deepak.mehta555@email.com,Hyderabad,Telangana,Regular,2024-01-18
C0556,Smita Mehta,smita.mehta556@email.com,Surat,Gujarat,Regular,2024-11-06
C0557,Anjali Yadav,anjali.yadav557@email.com,Mumbai,Maharashtra,Regular,2024-02-26
C0558,Suresh Yadav,suresh.yadav558@email.com,Jaipur,Rajasthan,Regular,2023-10-21
C0559,Ritu Singh,ritu.singh559@email.com,Bhopal,Madhya Pradesh,VIP,2023-04-20
C0560,Vijay Patel,vijay.patel560@email.com,Jaipur,Rajasthan,Regular,2023-07-16
C0561,Divya Kumar,divya.kumar561@email.com,Chennai,Tamil Nadu,Regular,2024-02-11
C0562,Manish Mishra,manish.mishra562@email.com,Pune,Maharashtra,VIP,2023-09-07
C0563,Kavita Verma,kavita.verma563@email.com,Hyderabad,Telangana,VIP,2024-10-31
C0564,Priya Verma,priya.verma564@email.com,Surat,Gujarat,Regular,2024-02-20
C0565,Sita Sharma,sita.sharma565@email.com,Jaipur,Rajasthan,Regular,2024-10-14
C0566,Amit Mehta,amit.mehta566@email.com,Bangalore,Karnataka,Regular,2024-03-20
C0567,Rohit Verma,rohit.verma567@email.com,Kolkata,West Bengal,VIP,2024-06-24
C0568,Raj Mishra,raj.mishra568@email.com,Hyderabad,Telangana,Regular,2024-05-01
C0569,Amit Kumar,amit.kumar569@email.com,Patna,Bihar,Regular,2024-07-10
C0570,Neha Gupta,neha.gupta570@email.com,Mumbai,Maharashtra,VIP,2023-01-17
C0571,Vijay Joshi,vijay.joshi571@email.com,Lucknow,Uttar Pradesh,Regular,2023-03-20
C0572,Pooja Mishra,pooja.mishra572@email.com,Lucknow,Uttar Pradesh,Premium,2024-02-03
C0573,Arjun Joshi,arjun.joshi573@email.com,Jaipur,Rajasthan,Premium,2023-05-24
C0574,Amit Yadav,amit.yadav574@email.com,Nagpur,Maharashtra,Regular,2023-12-21
C0575,Pooja Verma,pooja.verma575@email.com,Pune,Maharashtra,Regular,2023-12-15
C0576,Smita Joshi,smita.joshi576@email.com,Lucknow,Uttar Pradesh,Regular,2023-12-01
C0577,Manish Mehta,manish.mehta577@email.com,Chennai,Tamil Nadu,Regular,2023-08-22
C0578,Ritu Singh,ritu.singh578@email.com,Pune,Maharashtra,Regular,2024-11-27
C0579,Amit Mishra,amit.mishra579@email.com,Pune,Maharashtra,Premium,2023-10-30
C0580,Amit Verma,amit.verma580@email.com,Nagpur,Maharashtra,Regular,2023-10-02
C0581,Vijay Joshi,vijay.joshi581@email.com,Nagpur,Maharashtra,Regular,2023-11-21
C0582,Rahul Kumar,rahul.kumar582@email.com,Delhi,Delhi,Regular,2024-03-31
C0583,Sunita Singh,sunita.singh583@email.com,Chennai,Tamil Nadu,Regular,2023-03-31
C0584,Anjali Yadav,anjali.yadav584@email.com,Ahmedabad,Gujarat,Regular,2024-06-08
C0585,Amit Gupta,amit.gupta585@email.com,Mumbai,Maharashtra,Regular,2024-07-21
C0586,Arjun Joshi,arjun.joshi586@email.com,Lucknow,Uttar Pradesh,Regular,2023-01-13
C0587,Amit Yadav,amit.yadav587@email.com,Pune,Maharashtra,Regular,2023-09-06
C0588,Ankit Singh,ankit.singh588@email.com,Bangalore,Karnataka,Regular,2023-05-23
C0589,Sita Singh,sita.singh589@email.com,Chennai,Tamil Nadu,Regular,2023-03-06
C0590,Ritu Kumar,ritu.kumar590@email.com,Chennai,Tamil Nadu,Premium,2024-05-10
C0591,Suresh Patel,suresh.patel591@email.com,Kolkata,West Bengal,Regular,2024-10-02
C0592,Raj Mehta,raj.mehta592@email.com,Lucknow,Uttar Pradesh,Regular,2023-04-20
C0593,Ankit Gupta,ankit.gupta593@email.com,Mumbai,Maharashtra,Regular,2024-09-27
C0594,Arjun Mehta,arjun.mehta594@email.com,Bhopal,Madhya Pradesh,Regular,2023-12-09
C0595,Smita Singh,smita.singh595@email.com,Bhopal,Madhya Pradesh,Regular,2023-11-04
C0596,Raj Mehta,raj.mehta596@email.com,Nagpur,Maharashtra,Regular,2023-11-18
C0597,Arjun Kumar,arjun.kumar597@email.com,Pune,Maharashtra,Regular,2024-12-12
C0598,Pooja Gupta,pooja.gupta598@email.com,Lucknow,Uttar Pradesh,Regular,2024-01-21
C0599,Ankit Gupta,ankit.gupta599@email.com,Indore,Madhya Pradesh,VIP,2023-04-27
C0600,Rohit Yadav,rohit.yadav600@email.com,Hyderabad,Telangana,Premium,2023-07-04
C0601,Rahul Mehta,rahul.mehta601@email.com,Jaipur,Rajasthan,Regular,2024-12-26
C0602,Kavita Verma,kavita.verma602@email.com,Indore,Madhya Pradesh,Premium,2024-02-23
C0603,Kavita Patel,kavita.patel603@email.com,Bangalore,Karnataka,Premium,2023-09-16
C0604,Ritu Joshi,ritu.joshi604@email.com,Nagpur,Maharashtra,Regular,2023-03-17
C0605,Sita Mishra,sita.mishra605@email.com,Lucknow,Uttar Pradesh,Regular,2024-02-15
C0606,Ritu Yadav,ritu.yadav606@email.com,Patna,Bihar,Premium,2023-02-07
C0607,Anjali Mishra,anjali.mishra607@email.com,Kolkata,West Bengal,VIP,2024-10-15
C0608,Pooja Gupta,pooja.gupta608@email.com,Delhi,Delhi,Regular,2023-06-20
C0609,Rohit Joshi,rohit.joshi609@email.com,Mumbai,Maharashtra,VIP,2023-12-06
C0610,Sunita Sharma,sunita.sharma610@email.com,Pune,Maharashtra,Regular,2023-04-11
C0611,Deepak Yadav,deepak.yadav611@email.com,Jaipur,Rajasthan,Premium,2024-08-17
C0612,Manish Gupta,manish.gupta612@email.com,Hyderabad,Telangana,Regular,2024-02-05
C0613,Rohit Yadav,rohit.yadav613@email.com,Surat,Gujarat,Regular,2023-06-04
C0614,Sita Verma,sita.verma614@email.com,Mumbai,Maharashtra,Regular,2023-10-30
C0615,Sunita Singh,sunita.singh615@email.com,Delhi,Delhi,Regular,2023-12-23
C0616,Raj Yadav,raj.yadav616@email.com,Ahmedabad,Gujarat,Regular,2024-05-09
C0617,Manish Mehta,manish.mehta617@email.com,Delhi,Delhi,Regular,2023-11-23
C0618,Sunita Sharma,sunita.sharma618@email.com,Mumbai,Maharashtra,Regular,2023-12-18
C0619,Neha Patel,neha.patel619@email.com,Surat,Gujarat,Regular,2024-06-12
C0620,Arjun Yadav,arjun.yadav620@email.com,Bangalore,Karnataka,VIP,2024-03-12
C0621,Ankit Singh,ankit.singh621@email.com,Hyderabad,Telangana,Regular,2023-07-10
C0622,Ankit Sharma,ankit.sharma622@email.com,Pune,Maharashtra,Premium,2024-09-20
C0623,Rohit Joshi,rohit.joshi623@email.com,Ahmedabad,Gujarat,Regular,2024-02-03
C0624,Raj Kumar,raj.kumar624@email.com,Hyderabad,Telangana,Premium,2024-12-21
C0625,Rohit Verma,rohit.verma625@email.com,Delhi,Delhi,Regular,2024-07-03
C0626,Raj Mehta,raj.mehta626@email.com,Kolkata,West Bengal,Regular,2023-04-27
C0627,Sita Yadav,sita.yadav627@email.com,Bhopal,Madhya Pradesh,Regular,2024-10-16
C0628,Smita Joshi,smita.joshi628@email.com,Pune,Maharashtra,Regular,2024-08-24
C0629,Manish Mishra,manish.mishra629@email.com,Kolkata,West Bengal,Premium,2023-06-26
C0630,Kavita Mishra,kavita.mishra630@email.com,Nagpur,Maharashtra,Regular,2024-08-27
C0631,Arjun Verma,arjun.verma631@email.com,Bangalore,Karnataka,Regular,2023-09-02
C0632,Divya Singh,divya.singh632@email.com,Bangalore,Karnataka,Regular,2024-06-07
C0633,Vijay Mishra,vijay.mishra633@email.com,Lucknow,Uttar Pradesh,Regular,2024-01-28
C0634,Anjali Singh,anjali.singh634@email.com,Ahmedabad,Gujarat,Regular,2024-07-22
C0635,Vijay Singh,vijay.singh635@email.com,Chennai,Tamil Nadu,Premium,2023-11-19
C0636,Priya Gupta,priya.gupta636@email.com,Lucknow,Uttar Pradesh,Regular,2023-01-10
C0637,Ankit Yadav,ankit.yadav637@email.com,Hyderabad,Telangana,Premium,2024-06-01
C0638,Sita Joshi,sita.joshi638@email.com,Pune,Maharashtra,Premium,2024-12-28
C0639,Neha Verma,neha.verma639@email.com,Ahmedabad,Gujarat,Regular,2024-08-01
C0640,Pooja Kumar,pooja.kumar640@email.com,Indore,Madhya Pradesh,Regular,2023-02-03
C0641,Kavita Singh,kavita.singh641@email.com,Jaipur,Rajasthan,Regular,2024-04-13
C0642,Sita Yadav,sita.yadav642@email.com,Indore,Madhya Pradesh,Regular,2024-06-07
C0643,Suresh Yadav,suresh.yadav643@email.com,Delhi,Delhi,Regular,2024-01-11
C0644,Priya Mehta,priya.mehta644@email.com,Indore,Madhya Pradesh,Regular,2024-07-13
C0645,Sunita Patel,sunita.patel645@email.com,Pune,Maharashtra,Premium,2023-11-01
C0646,Manish Kumar,manish.kumar646@email.com,Mumbai,Maharashtra,Premium,2023-12-23
C0647,Manish Verma,manish.verma647@email.com,Delhi,Delhi,Regular,2023-08-31
C0648,Rohit Gupta,rohit.gupta648@email.com,Nagpur,Maharashtra,Regular,2024-12-28
C0649,Neha Mishra,neha.mishra649@email.com,Pune,Maharashtra,Premium,2023-05-23
C0650,Raj Sharma,raj.sharma650@email.com,Bhopal,Madhya Pradesh,Regular,2024-08-06
C0651,Smita Yadav,smita.yadav651@email.com,Chennai,Tamil Nadu,Regular,2023-06-22
C0652,Kavita Kumar,kavita.kumar652@email.com,Nagpur,Maharashtra,Regular,2024-08-09
C0653,Deepak Verma,deepak.verma653@email.com,Bhopal,Madhya Pradesh,VIP,2023-05-19
C0654,Ritu Sharma,ritu.sharma654@email.com,Indore,Madhya Pradesh,Premium,2023-10-11
C0655,Vijay Patel,vijay.patel655@email.com,Bangalore,Karnataka,Premium,2023-05-30
C0656,Pooja Joshi,pooja.joshi656@email.com,Bhopal,Madhya Pradesh,Regular,2024-05-16
C0657,Suresh Joshi,suresh.joshi657@email.com,Surat,Gujarat,Regular,2024-01-20
C0658,Amit Joshi,amit.joshi658@email.com,Surat,Gujarat,Premium,2024-06-11
C0659,Divya Mehta,divya.mehta659@email.com,Nagpur,Maharashtra,Regular,2024-05-14
C0660,Amit Mehta,amit.mehta660@email.com,Mumbai,Maharashtra,Premium,2024-10-12
C0661,Amit Yadav,amit.yadav661@email.com,Kolkata,West Bengal,Regular,2024-02-12
C0662,Raj Mehta,raj.mehta662@email.com,Pune,Maharashtra,Regular,2023-10-02
C0663,Arjun Yadav,arjun.yadav663@email.com,Chennai,Tamil Nadu,Regular,2024-08-14
C0664,Sita Gupta,sita.gupta664@email.com,Bhopal,Madhya Pradesh,Premium,2024-11-29
C0665,Sunita Mehta,sunita.mehta665@email.com,Mumbai,Maharashtra,Regular,2023-01-17
C0666,Neha Mehta,neha.mehta666@email.com,Bhopal,Madhya Pradesh,Regular,2024-04-12
C0667,Raj Singh,raj.singh667@email.com,Pune,Maharashtra,Regular,2024-10-27
C0668,Suresh Verma,suresh.verma668@email.com,Bhopal,Madhya Pradesh,Regular,2024-11-01
C0669,Divya Singh,divya.singh669@email.com,Delhi,Delhi,Regular,2023-02-23
C0670,Pooja Joshi,pooja.joshi670@email.com,Chennai,Tamil Nadu,Regular,2024-11-02
C0671,Rahul Patel,rahul.patel671@email.com,Delhi,Delhi,Regular,2024-05-03
C0672,Pooja Yadav,pooja.yadav672@email.com,Lucknow,Uttar Pradesh,Regular,2024-11-27
C0673,Arjun Verma,arjun.verma673@email.com,Mumbai,Maharashtra,Premium,2024-03-08
C0674,Amit Patel,amit.patel674@email.com,Ahmedabad,Gujarat,Regular,2024-01-28
C0675,Sunita Verma,sunita.verma675@email.com,Indore,Madhya Pradesh,Regular,2023-11-17
C0676,Vijay Joshi,vijay.joshi676@email.com,Chennai,Tamil Nadu,Regular,2023-05-17
C0677,Vijay Verma,vijay.verma677@email.com,Surat,Gujarat,Regular,2024-06-27
C0678,Neha Mehta,neha.mehta678@email.com,Lucknow,Uttar Pradesh,Premium,2023-12-26
C0679,Vijay Joshi,vijay.joshi679@email.com,Surat,Gujarat,Premium,2024-09-22
C0680,Raj Verma,raj.verma680@email.com,Bhopal,Madhya Pradesh,Regular,2023-04-13
C0681,Rohit Joshi,rohit.joshi681@email.com,Delhi,Delhi,VIP,2023-12-26
C0682,Vijay Patel,vijay.patel682@email.com,Kolkata,West Bengal,Regular,2023-10-11
C0683,Anjali Mishra,anjali.mishra683@email.com,Hyderabad,Telangana,Premium,2024-09-06
C0684,Rahul Kumar,rahul.kumar684@email.com,Chennai,Tamil Nadu,Regular,2023-07-30
C0685,Raj Joshi,raj.joshi685@email.com,Jaipur,Rajasthan,Regular,2023-10-30
C0686,Pooja Mehta,pooja.mehta686@email.com,Indore,Madhya Pradesh,Regular,2024-01-31
C0687,Smita Verma,smita.verma687@email.com,Ahmedabad,Gujarat,Premium,2024-06-24
C0688,Divya Gupta,divya.gupta688@email.com,Mumbai,Maharashtra,Regular,2023-05-16
C0689,Rohit Joshi,rohit.joshi689@email.com,Bhopal,Madhya Pradesh,Regular,2024-01-10
C0690,Sita Verma,sita.verma690@email.com,Bangalore,Karnataka,Regular,2023-01-18
C0691,Suresh Patel,suresh.patel691@email.com,Mumbai,Maharashtra,VIP,2023-02-10
C0692,Ankit Yadav,ankit.yadav692@email.com,Indore,Madhya Pradesh,Regular,2023-10-21
C0693,Ritu Joshi,ritu.joshi693@email.com,Jaipur,Rajasthan,Regular,2024-12-19
C0694,Anjali Yadav,anjali.yadav694@email.com,Surat,Gujarat,Regular,2024-09-22
C0695,Kavita Verma,kavita.verma695@email.com,Delhi,Delhi,VIP,2024-06-07
C0696,Vijay Yadav,vijay.yadav696@email.com,Indore,Madhya Pradesh,Regular,2023-12-01
C0697,Amit Kumar,amit.kumar697@email.com,Surat,Gujarat,Regular,2024-12-16
C0698,Pooja Sharma,pooja.sharma698@email.com,Bhopal,Madhya Pradesh,Regular,2023-09-08
C0699,Sunita Mehta,sunita.mehta699@email.com,Pune,Maharashtra,Regular,2024-09-18
C0700,Neha Verma,neha.verma700@email.com,Chennai,Tamil Nadu,Premium,2023-01-13
C0701,Rahul Singh,rahul.singh701@email.com,Nagpur,Maharashtra,VIP,2024-05-23
C0702,Deepak Kumar,deepak.kumar702@email.com,Jaipur,Rajasthan,Regular,2023-06-20
C0703,Suresh Verma,suresh.verma703@email.com,Nagpur,Maharashtra,Regular,2023-01-31
C0704,Suresh Yadav,suresh.yadav704@email.com,Pune,Maharashtra,Regular,2023-03-07
C0705,Amit Mehta,amit.mehta705@email.com,Lucknow,Uttar Pradesh,Regular,2024-04-11
C0706,Sita Mishra,sita.mishra706@email.com,Mumbai,Maharashtra,Regular,2023-06-20
C0707,Sunita Mishra,sunita.mishra707@email.com,Chennai,Tamil Nadu,Premium,2024-11-21
C0708,Deepak Sharma,deepak.sharma708@email.com,Hyderabad,Telangana,Premium,2023-02-15
C0709,Pooja Sharma,pooja.sharma709@email.com,Mumbai,Maharashtra,Regular,2024-04-28
C0710,Vijay Singh,vijay.singh710@email.com,Patna,Bihar,Regular,2023-02-06
C0711,Ritu Patel,ritu.patel711@email.com,Patna,Bihar,Regular,2023-11-26
C0712,Arjun Kumar,arjun.kumar712@email.com,Patna,Bihar,Regular,2023-03-21
C0713,Deepak Sharma,deepak.sharma713@email.com,Delhi,Delhi,Regular,2023-07-03
C0714,Priya Joshi,priya.joshi714@email.com,Jaipur,Rajasthan,Premium,2023-03-12
C0715,Kavita Kumar,kavita.kumar715@email.com,Bhopal,Madhya Pradesh,Regular,2023-12-02
C0716,Rahul Gupta,rahul.gupta716@email.com,Ahmedabad,Gujarat,Regular,2023-07-25
C0717,Kavita Mishra,kavita.mishra717@email.com,Indore,Madhya Pradesh,Regular,2023-09-06
C0718,Sita Patel,sita.patel718@email.com,Lucknow,Uttar Pradesh,Premium,2024-07-13
C0719,Vijay Sharma,vijay.sharma719@email.com,Hyderabad,Telangana,Regular,2024-02-24
C0720,Divya Sharma,divya.sharma720@email.com,Jaipur,Rajasthan,Regular,2023-12-10
C0721,Ankit Kumar,ankit.kumar721@email.com,Surat,Gujarat,Regular,2023-04-17
C0722,Ritu Mehta,ritu.mehta722@email.com,Hyderabad,Telangana,VIP,2023-03-03
C0723,Suresh Verma,suresh.verma723@email.com,Bangalore,Karnataka,VIP,2023-02-14
C0724,Deepak Joshi,deepak.joshi724@email.com,Patna,Bihar,Premium,2024-12-18
C0725,Amit Mishra,amit.mishra725@email.com,Ahmedabad,Gujarat,Regular,2023-04-08
C0726,Ankit Verma,ankit.verma726@email.com,Surat,Gujarat,Regular,2024-08-29
C0727,Vijay Patel,vijay.patel727@email.com,Pune,Maharashtra,Regular,2023-10-26
C0728,Ankit Gupta,ankit.gupta728@email.com,Kolkata,West Bengal,Regular,2023-11-22
C0729,Amit Patel,amit.patel729@email.com,Hyderabad,Telangana,Premium,2023-05-20
C0730,Sunita Singh,sunita.singh730@email.com,Lucknow,Uttar Pradesh,Regular,2023-04-19
C0731,Arjun Joshi,arjun.joshi731@email.com,Ahmedabad,Gujarat,Regular,2023-05-04
C0732,Raj Mehta,raj.mehta732@email.com,Indore,Madhya Pradesh,Regular,2023-11-12
C0733,Sunita Verma,sunita.verma733@email.com,Bhopal,Madhya Pradesh,Premium,2023-06-11
C0734,Smita Sharma,smita.sharma734@email.com,Chennai,Tamil Nadu,Premium,2023-08-09
C0735,Vijay Verma,vijay.verma735@email.com,Kolkata,West Bengal,Regular,2024-12-29
C0736,Ankit Yadav,ankit.yadav736@email.com,Kolkata,West Bengal,Premium,2023-02-20
C0737,Neha Sharma,neha.sharma737@email.com,Chennai,Tamil Nadu,Premium,2024-02-19
C0738,Anjali Patel,anjali.patel738@email.com,Jaipur,Rajasthan,Regular,2023-04-07
C0739,Vijay Verma,vijay.verma739@email.com,Indore,Madhya Pradesh,Regular,2023-01-13
C0740,Pooja Singh,pooja.singh740@email.com,Indore,Madhya Pradesh,Premium,2023-07-22
C0741,Amit Mishra,amit.mishra741@email.com,Kolkata,West Bengal,Regular,2024-08-23
C0742,Amit Sharma,amit.sharma742@email.com,Bhopal,Madhya Pradesh,Regular,2023-03-08
C0743,Manish Singh,manish.singh743@email.com,Surat,Gujarat,VIP,2023-04-05
C0744,Arjun Verma,arjun.verma744@email.com,Bhopal,Madhya Pradesh,VIP,2023-02-13
C0745,Neha Mishra,neha.mishra745@email.com,Mumbai,Maharashtra,Premium,2024-03-19
C0746,Sita Sharma,sita.sharma746@email.com,Pune,Maharashtra,Premium,2024-01-27
C0747,Divya Patel,divya.patel747@email.com,Bangalore,Karnataka,Regular,2023-07-11
C0748,Vijay Sharma,vijay.sharma748@email.com,Ahmedabad,Gujarat,Regular,2024-09-20
C0749,Kavita Mehta,kavita.mehta749@email.com,Hyderabad,Telangana,Premium,2024-02-26
C0750,Priya Verma,priya.verma750@email.com,Ahmedabad,Gujarat,Regular,2023-10-14
C0751,Raj Yadav,raj.yadav751@email.com,Pune,Maharashtra,Regular,2023-09-13
C0752,Anjali Sharma,anjali.sharma752@email.com,Indore,Madhya Pradesh,Premium,2024-01-27
C0753,Sita Yadav,sita.yadav753@email.com,Kolkata,West Bengal,Regular,2024-05-11
C0754,Deepak Gupta,deepak.gupta754@email.com,Lucknow,Uttar Pradesh,Regular,2024-02-02
C0755,Arjun Mishra,arjun.mishra755@email.com,Mumbai,Maharashtra,Regular,2023-08-13
C0756,Suresh Sharma,suresh.sharma756@email.com,Indore,Madhya Pradesh,Regular,2024-04-28
C0757,Rohit Patel,rohit.patel757@email.com,Indore,Madhya Pradesh,Regular,2023-06-13
C0758,Pooja Kumar,pooja.kumar758@email.com,Surat,Gujarat,Premium,2024-06-30
C0759,Priya Patel,priya.patel759@email.com,Patna,Bihar,Premium,2024-08-12
C0760,Ankit Gupta,ankit.gupta760@email.com,Indore,Madhya Pradesh,Regular,2023-06-27
C0761,Arjun Gupta,arjun.gupta761@email.com,Lucknow,Uttar Pradesh,Regular,2024-08-28
C0762,Divya Mishra,divya.mishra762@email.com,Nagpur,Maharashtra,Regular,2024-07-31
C0763,Sita Yadav,sita.yadav763@email.com,Hyderabad,Telangana,Regular,2023-11-13
C0764,Amit Sharma,amit.sharma764@email.com,Mumbai,Maharashtra,Regular,2023-08-27
C0765,Deepak Mehta,deepak.mehta765@email.com,Mumbai,Maharashtra,Regular,2023-01-01
C0766,Raj Singh,raj.singh766@email.com,Lucknow,Uttar Pradesh,Premium,2023-12-15
C0767,Arjun Sharma,arjun.sharma767@email.com,Patna,Bihar,Regular,2023-01-23
C0768,Vijay Verma,vijay.verma768@email.com,Nagpur,Maharashtra,Premium,2024-06-22
C0769,Divya Joshi,divya.joshi769@email.com,Delhi,Delhi,Regular,2024-08-23
C0770,Arjun Singh,arjun.singh770@email.com,Chennai,Tamil Nadu,Premium,2023-06-11
C0771,Sita Gupta,sita.gupta771@email.com,Pune,Maharashtra,Premium,2023-06-28
C0772,Smita Gupta,smita.gupta772@email.com,Jaipur,Rajasthan,Premium,2023-08-17
C0773,Neha Joshi,neha.joshi773@email.com,Bhopal,Madhya Pradesh,Premium,2023-11-11
C0774,Vijay Singh,vijay.singh774@email.com,Chennai,Tamil Nadu,VIP,2023-01-02
C0775,Ankit Mishra,ankit.mishra775@email.com,Lucknow,Uttar Pradesh,Regular,2023-02-03
C0776,Smita Patel,smita.patel776@email.com,Kolkata,West Bengal,Regular,2024-10-16
C0777,Sita Singh,sita.singh777@email.com,Patna,Bihar,Premium,2023-12-06
C0778,Divya Gupta,divya.gupta778@email.com,Hyderabad,Telangana,Regular,2023-06-21
C0779,Arjun Mehta,arjun.mehta779@email.com,Delhi,Delhi,Regular,2023-01-12
C0780,Amit Gupta,amit.gupta780@email.com,Hyderabad,Telangana,Premium,2023-09-20
C0781,Rahul Sharma,rahul.sharma781@email.com,Nagpur,Maharashtra,Regular,2024-01-31
C0782,Neha Joshi,neha.joshi782@email.com,Pune,Maharashtra,Premium,2024-05-19
C0783,Anjali Joshi,anjali.joshi783@email.com,Kolkata,West Bengal,Premium,2023-04-14
C0784,Rohit Patel,rohit.patel784@email.com,Indore,Madhya Pradesh,Regular,2023-06-16
C0785,Priya Kumar,priya.kumar785@email.com,Indore,Madhya Pradesh,Regular,2023-01-21
C0786,Amit Gupta,amit.gupta786@email.com,Delhi,Delhi,Premium,2023-06-24
C0787,Amit Yadav,amit.yadav787@email.com,Bangalore,Karnataka,Regular,2023-04-06
C0788,Sita Sharma,sita.sharma788@email.com,Lucknow,Uttar Pradesh,VIP,2024-03-17
C0789,Smita Joshi,smita.joshi789@email.com,Bangalore,Karnataka,Regular,2023-06-10
C0790,Raj Patel,raj.patel790@email.com,Kolkata,West Bengal,Premium,2024-02-24
C0791,Anjali Kumar,anjali.kumar791@email.com,Nagpur,Maharashtra,Regular,2024-11-07
C0792,Sunita Sharma,sunita.sharma792@email.com,Hyderabad,Telangana,Regular,2024-02-07
C0793,Sita Singh,sita.singh793@email.com,Bhopal,Madhya Pradesh,Regular,2023-02-25
C0794,Amit Kumar,amit.kumar794@email.com,Pune,Maharashtra,Regular,2024-11-08
C0795,Raj Verma,raj.verma795@email.com,Ahmedabad,Gujarat,Regular,2023-01-27
C0796,Kavita Verma,kavita.verma796@email.com,Surat,Gujarat,Premium,2024-04-29
C0797,Ankit Mehta,ankit.mehta797@email.com,Chennai,Tamil Nadu,Premium,2024-05-15
C0798,Amit Yadav,amit.yadav798@email.com,Chennai,Tamil Nadu,Regular,2024-02-01
C0799,Ankit Gupta,ankit.gupta799@email.com,Patna,Bihar,Regular,2023-07-11
C0800,Manish Mehta,manish.mehta800@email.com,Chennai,Tamil Nadu,Regular,2023-09-27
C0801,Rohit Sharma,rohit.sharma801@email.com,Chennai,Tamil Nadu,Premium,2023-06-04
C0802,Sunita Verma,sunita.verma802@email.com,Surat,Gujarat,Regular,2024-11-15
C0803,Ritu Mishra,ritu.mishra803@email.com,Jaipur,Rajasthan,Regular,2023-08-21
C0804,Ankit Yadav,ankit.yadav804@email.com,Bhopal,Madhya Pradesh,VIP,2024-03-04
C0805,Sita Mishra,sita.mishra805@email.com,Surat,Gujarat,Regular,2023-08-30
C0806,Ankit Sharma,ankit.sharma806@email.com,Delhi,Delhi,Regular,2024-05-29
C0807,Rohit Mishra,rohit.mishra807@email.com,Jaipur,Rajasthan,Regular,2023-05-31
C0808,Manish Singh,manish.singh808@email.com,Indore,Madhya Pradesh,VIP,2023-06-21
C0809,Raj Singh,raj.singh809@email.com,Indore,Madhya Pradesh,Regular,2023-02-13
C0810,Ritu Patel,ritu.patel810@email.com,Surat,Gujarat,Regular,2024-10-04
C0811,Suresh Gupta,suresh.gupta811@email.com,Lucknow,Uttar Pradesh,Regular,2023-03-10
C0812,Ankit Yadav,ankit.yadav812@email.com,Jaipur,Rajasthan,Premium,2023-11-30
C0813,Manish Sharma,manish.sharma813@email.com,Jaipur,Rajasthan,Regular,2024-12-18
C0814,Ritu Verma,ritu.verma814@email.com,Jaipur,Rajasthan,Regular,2024-02-29
C0815,Rohit Mishra,rohit.mishra815@email.com,Lucknow,Uttar Pradesh,VIP,2023-04-13
C0816,Sunita Kumar,sunita.kumar816@email.com,Lucknow,Uttar Pradesh,Premium,2024-07-02
C0817,Ritu Kumar,ritu.kumar817@email.com,Patna,Bihar,Premium,2024-01-28
C0818,Smita Mehta,smita.mehta818@email.com,Lucknow,Uttar Pradesh,Regular,2023-02-08
C0819,Vijay Mishra,vijay.mishra819@email.com,Pune,Maharashtra,Premium,2024-09-15
C0820,Priya Joshi,priya.joshi820@email.com,Pune,Maharashtra,Premium,2023-12-06
C0821,Sita Kumar,sita.kumar821@email.com,Mumbai,Maharashtra,Regular,2024-01-17
C0822,Kavita Kumar,kavita.kumar822@email.com,Bhopal,Madhya Pradesh,Premium,2023-10-15
C0823,Sunita Patel,sunita.patel823@email.com,Bhopal,Madhya Pradesh,Regular,2023-05-18
C0824,Manish Gupta,manish.gupta824@email.com,Nagpur,Maharashtra,Premium,2023-10-03
C0825,Amit Patel,amit.patel825@email.com,Lucknow,Uttar Pradesh,Regular,2024-03-28
C0826,Ritu Mehta,ritu.mehta826@email.com,Bhopal,Madhya Pradesh,Premium,2024-06-12
C0827,Priya Yadav,priya.yadav827@email.com,Bhopal,Madhya Pradesh,Regular,2023-06-12
C0828,Deepak Joshi,deepak.joshi828@email.com,Nagpur,Maharashtra,Premium,2023-05-19
C0829,Rohit Sharma,rohit.sharma829@email.com,Jaipur,Rajasthan,Regular,2023-06-27
C0830,Raj Sharma,raj.sharma830@email.com,Bhopal,Madhya Pradesh,Regular,2023-09-13
C0831,Divya Patel,divya.patel831@email.com,Mumbai,Maharashtra,Regular,2023-10-08
C0832,Deepak Joshi,deepak.joshi832@email.com,Ahmedabad,Gujarat,VIP,2024-10-12
C0833,Rahul Patel,rahul.patel833@email.com,Surat,Gujarat,Regular,2024-01-17
C0834,Neha Mehta,neha.mehta834@email.com,Ahmedabad,Gujarat,Regular,2024-08-23
C0835,Neha Kumar,neha.kumar835@email.com,Kolkata,West Bengal,Regular,2024-12-06
C0836,Ankit Sharma,ankit.sharma836@email.com,Mumbai,Maharashtra,Premium,2023-06-16
C0837,Raj Patel,raj.patel837@email.com,Indore,Madhya Pradesh,Regular,2024-10-24
C0838,Suresh Joshi,suresh.joshi838@email.com,Hyderabad,Telangana,Regular,2024-06-09
C0839,Rahul Mehta,rahul.mehta839@email.com,Indore,Madhya Pradesh,Regular,2023-05-16
C0840,Rahul Patel,rahul.patel840@email.com,Lucknow,Uttar Pradesh,Regular,2023-09-16
C0841,Suresh Joshi,suresh.joshi841@email.com,Chennai,Tamil Nadu,Premium,2024-01-21
C0842,Suresh Patel,suresh.patel842@email.com,Ahmedabad,Gujarat,Regular,2024-04-22
C0843,Smita Joshi,smita.joshi843@email.com,Jaipur,Rajasthan,Regular,2024-08-21
C0844,Divya Yadav,divya.yadav844@email.com,Jaipur,Rajasthan,Regular,2024-10-24
C0845,Kavita Verma,kavita.verma845@email.com,Chennai,Tamil Nadu,Regular,2024-05-08
C0846,Arjun Kumar,arjun.kumar846@email.com,Chennai,Tamil Nadu,Premium,2023-09-25
C0847,Kavita Patel,kavita.patel847@email.com,Patna,Bihar,Regular,2023-06-03
C0848,Priya Mishra,priya.mishra848@email.com,Hyderabad,Telangana,Premium,2024-02-18
C0849,Vijay Sharma,vijay.sharma849@email.com,Surat,Gujarat,Regular,2024-11-02
C0850,Suresh Joshi,suresh.joshi850@email.com,Chennai,Tamil Nadu,Regular,2024-02-19
C0851,Rohit Mishra,rohit.mishra851@email.com,Mumbai,Maharashtra,Regular,2023-07-14
C0852,Pooja Yadav,pooja.yadav852@email.com,Nagpur,Maharashtra,Premium,2024-10-15
C0853,Divya Yadav,divya.yadav853@email.com,Patna,Bihar,Premium,2023-11-04
C0854,Anjali Singh,anjali.singh854@email.com,Bhopal,Madhya Pradesh,Regular,2023-10-28
C0855,Suresh Yadav,suresh.yadav855@email.com,Bangalore,Karnataka,VIP,2023-07-07
C0856,Arjun Verma,arjun.verma856@email.com,Patna,Bihar,Regular,2023-08-16
C0857,Kavita Joshi,kavita.joshi857@email.com,Nagpur,Maharashtra,Regular,2023-12-06
C0858,Kavita Mehta,kavita.mehta858@email.com,Lucknow,Uttar Pradesh,Regular,2023-05-01
C0859,Rohit Mishra,rohit.mishra859@email.com,Bhopal,Madhya Pradesh,Regular,2024-09-27
C0860,Raj Yadav,raj.yadav860@email.com,Patna,Bihar,Premium,2023-05-03
C0861,Deepak Kumar,deepak.kumar861@email.com,Pune,Maharashtra,Regular,2024-02-28
C0862,Vijay Singh,vijay.singh862@email.com,Bhopal,Madhya Pradesh,Regular,2023-07-25
C0863,Manish Singh,manish.singh863@email.com,Lucknow,Uttar Pradesh,Premium,2023-11-20
C0864,Amit Mehta,amit.mehta864@email.com,Bangalore,Karnataka,Regular,2023-12-07
C0865,Arjun Sharma,arjun.sharma865@email.com,Bangalore,Karnataka,Regular,2023-01-05
C0866,Neha Mishra,neha.mishra866@email.com,Hyderabad,Telangana,Regular,2023-06-12
C0867,Amit Singh,amit.singh867@email.com,Indore,Madhya Pradesh,Regular,2024-09-21
C0868,Ankit Joshi,ankit.joshi868@email.com,Pune,Maharashtra,Regular,2024-05-03
C0869,Anjali Patel,anjali.patel869@email.com,Mumbai,Maharashtra,VIP,2024-01-18
C0870,Arjun Yadav,arjun.yadav870@email.com,Patna,Bihar,Regular,2023-07-15
C0871,Pooja Patel,pooja.patel871@email.com,Mumbai,Maharashtra,Premium,2024-12-11
C0872,Vijay Verma,vijay.verma872@email.com,Chennai,Tamil Nadu,Regular,2024-01-28
C0873,Neha Verma,neha.verma873@email.com,Chennai,Tamil Nadu,Regular,2023-02-16
C0874,Manish Yadav,manish.yadav874@email.com,Chennai,Tamil Nadu,Regular,2024-09-02
C0875,Vijay Gupta,vijay.gupta875@email.com,Pune,Maharashtra,Regular,2024-05-16
C0876,Neha Joshi,neha.joshi876@email.com,Hyderabad,Telangana,Regular,2023-01-20
C0877,Vijay Patel,vijay.patel877@email.com,Nagpur,Maharashtra,Regular,2023-01-23
C0878,Sunita Gupta,sunita.gupta878@email.com,Bangalore,Karnataka,Premium,2024-12-29
C0879,Ankit Kumar,ankit.kumar879@email.com,Mumbai,Maharashtra,Regular,2024-07-01
C0880,Priya Verma,priya.verma880@email.com,Lucknow,Uttar Pradesh,Premium,2024-10-31
C0881,Sunita Joshi,sunita.joshi881@email.com,Mumbai,Maharashtra,Regular,2024-03-30
C0882,Suresh Mehta,suresh.mehta882@email.com,Jaipur,Rajasthan,Regular,2024-12-19
C0883,Rahul Kumar,rahul.kumar883@email.com,Nagpur,Maharashtra,Premium,2024-03-06
C0884,Deepak Kumar,deepak.kumar884@email.com,Surat,Gujarat,Regular,2024-09-29
C0885,Ritu Verma,ritu.verma885@email.com,Bangalore,Karnataka,Premium,2024-06-07
C0886,Kavita Verma,kavita.verma886@email.com,Delhi,Delhi,Regular,2023-04-19
C0887,Raj Kumar,raj.kumar887@email.com,Lucknow,Uttar Pradesh,VIP,2024-06-19
C0888,Ritu Kumar,ritu.kumar888@email.com,Kolkata,West Bengal,Regular,2023-06-14
C0889,Raj Mehta,raj.mehta889@email.com,Ahmedabad,Gujarat,Regular,2023-12-05
C0890,Amit Verma,amit.verma890@email.com,Mumbai,Maharashtra,Premium,2024-08-10
C0891,Amit Yadav,amit.yadav891@email.com,Bangalore,Karnataka,Premium,2023-03-18
C0892,Suresh Patel,suresh.patel892@email.com,Delhi,Delhi,VIP,2024-04-12
C0893,Suresh Mehta,suresh.mehta893@email.com,Chennai,Tamil Nadu,Regular,2023-02-21
C0894,Priya Kumar,priya.kumar894@email.com,Bangalore,Karnataka,Premium,2024-01-04
C0895,Ritu Verma,ritu.verma895@email.com,Kolkata,West Bengal,Premium,2023-04-08
C0896,Priya Sharma,priya.sharma896@email.com,Patna,Bihar,Premium,2023-05-22
C0897,Arjun Gupta,arjun.gupta897@email.com,Bangalore,Karnataka,VIP,2024-03-24
C0898,Amit Gupta,amit.gupta898@email.com,Chennai,Tamil Nadu,Regular,2023-12-17
C0899,Ankit Mehta,ankit.mehta899@email.com,Pune,Maharashtra,Premium,2023-10-06
C0900,Sita Joshi,sita.joshi900@email.com,Nagpur,Maharashtra,Premium,2024-10-26
C0901,Sunita Singh,sunita.singh901@email.com,Bangalore,Karnataka,Premium,2024-12-13
C0902,Neha Verma,neha.verma902@email.com,Bhopal,Madhya Pradesh,VIP,2024-03-02
C0903,Rohit Mehta,rohit.mehta903@email.com,Ahmedabad,Gujarat,Regular,2023-07-05
C0904,Divya Mishra,divya.mishra904@email.com,Indore,Madhya Pradesh,Premium,2023-01-30
C0905,Vijay Mehta,vijay.mehta905@email.com,Patna,Bihar,Regular,2024-05-14
C0906,Manish Sharma,manish.sharma906@email.com,Pune,Maharashtra,Regular,2023-03-06
C0907,Rahul Yadav,rahul.yadav907@email.com,Kolkata,West Bengal,Premium,2024-08-13
C0908,Arjun Yadav,arjun.yadav908@email.com,Hyderabad,Telangana,Premium,2024-06-19
C0909,Sunita Joshi,sunita.joshi909@email.com,Lucknow,Uttar Pradesh,Premium,2024-11-08
C0910,Divya Joshi,divya.joshi910@email.com,Ahmedabad,Gujarat,Premium,2023-06-02
C0911,Smita Sharma,smita.sharma911@email.com,Jaipur,Rajasthan,Regular,2023-01-12
C0912,Deepak Mehta,deepak.mehta912@email.com,Bangalore,Karnataka,Premium,2024-05-22
C0913,Sita Gupta,sita.gupta913@email.com,Delhi,Delhi,Regular,2023-09-04
C0914,Priya Yadav,priya.yadav914@email.com,Chennai,Tamil Nadu,Regular,2023-08-17
C0915,Ankit Patel,ankit.patel915@email.com,Pune,Maharashtra,Regular,2023-03-22
C0916,Rohit Mehta,rohit.mehta916@email.com,Indore,Madhya Pradesh,Premium,2023-04-01
C0917,Arjun Verma,arjun.verma917@email.com,Ahmedabad,Gujarat,Premium,2024-05-24
C0918,Sunita Joshi,sunita.joshi918@email.com,Mumbai,Maharashtra,Regular,2024-02-27
C0919,Rahul Verma,rahul.verma919@email.com,Jaipur,Rajasthan,VIP,2024-09-10
C0920,Kavita Yadav,kavita.yadav920@email.com,Surat,Gujarat,Regular,2024-07-29
C0921,Manish Gupta,manish.gupta921@email.com,Surat,Gujarat,Premium,2024-01-08
C0922,Pooja Mehta,pooja.mehta922@email.com,Bhopal,Madhya Pradesh,Regular,2023-12-06
C0923,Smita Mehta,smita.mehta923@email.com,Lucknow,Uttar Pradesh,Regular,2024-11-03
C0924,Sunita Verma,sunita.verma924@email.com,Ahmedabad,Gujarat,Regular,2024-11-05
C0925,Divya Kumar,divya.kumar925@email.com,Kolkata,West Bengal,Regular,2024-07-14
C0926,Sunita Sharma,sunita.sharma926@email.com,Nagpur,Maharashtra,Regular,2023-06-18
C0927,Ritu Verma,ritu.verma927@email.com,Bhopal,Madhya Pradesh,Regular,2023-09-18
C0928,Sunita Joshi,sunita.joshi928@email.com,Hyderabad,Telangana,Regular,2023-08-09
C0929,Raj Gupta,raj.gupta929@email.com,Indore,Madhya Pradesh,Premium,2023-04-21
C0930,Rohit Verma,rohit.verma930@email.com,Mumbai,Maharashtra,Regular,2024-04-06
C0931,Deepak Singh,deepak.singh931@email.com,Lucknow,Uttar Pradesh,Regular,2024-05-25
C0932,Priya Yadav,priya.yadav932@email.com,Nagpur,Maharashtra,Premium,2024-03-19
C0933,Deepak Singh,deepak.singh933@email.com,Ahmedabad,Gujarat,Regular,2024-12-09
C0934,Vijay Verma,vijay.verma934@email.com,Nagpur,Maharashtra,Premium,2024-02-01
C0935,Arjun Yadav,arjun.yadav935@email.com,Lucknow,Uttar Pradesh,Regular,2024-01-29
C0936,Pooja Kumar,pooja.kumar936@email.com,Lucknow,Uttar Pradesh,VIP,2024-02-12
C0937,Manish Singh,manish.singh937@email.com,Chennai,Tamil Nadu,Regular,2023-05-22
C0938,Deepak Kumar,deepak.kumar938@email.com,Nagpur,Maharashtra,Regular,2024-12-19
C0939,Anjali Patel,anjali.patel939@email.com,Kolkata,West Bengal,Regular,2023-07-25
C0940,Kavita Gupta,kavita.gupta940@email.com,Nagpur,Maharashtra,Regular,2024-11-19
C0941,Neha Yadav,neha.yadav941@email.com,Nagpur,Maharashtra,Premium,2024-07-09
C0942,Sunita Gupta,sunita.gupta942@email.com,Kolkata,West Bengal,Regular,2024-07-29
C0943,Ritu Yadav,ritu.yadav943@email.com,Lucknow,Uttar Pradesh,Premium,2023-10-20
C0944,Rahul Yadav,rahul.yadav944@email.com,Pune,Maharashtra,Regular,2023-04-20
C0945,Priya Sharma,priya.sharma945@email.com,Bangalore,Karnataka,Regular,2023-07-24
C0946,Neha Kumar,neha.kumar946@email.com,Indore,Madhya Pradesh,Regular,2024-11-30
C0947,Priya Kumar,priya.kumar947@email.com,Bhopal,Madhya Pradesh,Premium,2023-07-28
C0948,Divya Mehta,divya.mehta948@email.com,Mumbai,Maharashtra,Regular,2023-04-15
C0949,Anjali Patel,anjali.patel949@email.com,Surat,Gujarat,Regular,2024-10-24
C0950,Deepak Kumar,deepak.kumar950@email.com,Hyderabad,Telangana,Premium,2024-12-10
C0951,Ankit Joshi,ankit.joshi951@email.com,Patna,Bihar,VIP,2024-03-02
C0952,Arjun Yadav,arjun.yadav952@email.com,Surat,Gujarat,Regular,2023-02-25
C0953,Raj Mishra,raj.mishra953@email.com,Chennai,Tamil Nadu,Premium,2024-03-29
C0954,Divya Mishra,divya.mishra954@email.com,Patna,Bihar,Premium,2024-07-13
C0955,Raj Kumar,raj.kumar955@email.com,Hyderabad,Telangana,Regular,2024-04-04
C0956,Amit Singh,amit.singh956@email.com,Surat,Gujarat,Premium,2023-06-27
C0957,Ankit Sharma,ankit.sharma957@email.com,Delhi,Delhi,Regular,2024-03-14
C0958,Vijay Singh,vijay.singh958@email.com,Chennai,Tamil Nadu,Premium,2024-08-21
C0959,Arjun Mehta,arjun.mehta959@email.com,Mumbai,Maharashtra,VIP,2024-12-27
C0960,Vijay Gupta,vijay.gupta960@email.com,Mumbai,Maharashtra,Regular,2024-09-03
C0961,Smita Kumar,smita.kumar961@email.com,Patna,Bihar,Premium,2024-05-17
C0962,Divya Verma,divya.verma962@email.com,Jaipur,Rajasthan,Regular,2024-12-25
C0963,Neha Yadav,neha.yadav963@email.com,Hyderabad,Telangana,Premium,2023-03-11
C0964,Ritu Yadav,ritu.yadav964@email.com,Bangalore,Karnataka,Regular,2024-07-03
C0965,Pooja Patel,pooja.patel965@email.com,Kolkata,West Bengal,Regular,2024-11-10
C0966,Kavita Patel,kavita.patel966@email.com,Kolkata,West Bengal,Regular,2024-09-25
C0967,Rahul Verma,rahul.verma967@email.com,Jaipur,Rajasthan,Regular,2024-11-15
C0968,Smita Mishra,smita.mishra968@email.com,Hyderabad,Telangana,VIP,2023-09-07
C0969,Arjun Joshi,arjun.joshi969@email.com,Surat,Gujarat,Regular,2023-04-27
C0970,Kavita Sharma,kavita.sharma970@email.com,Jaipur,Rajasthan,Premium,2024-06-13
C0971,Deepak Yadav,deepak.yadav971@email.com,Kolkata,West Bengal,Regular,2024-04-01
C0972,Raj Gupta,raj.gupta972@email.com,Chennai,Tamil Nadu,Regular,2024-06-10
C0973,Neha Yadav,neha.yadav973@email.com,Delhi,Delhi,Regular,2024-06-30
C0974,Raj Patel,raj.patel974@email.com,Delhi,Delhi,Regular,2024-12-02
C0975,Raj Yadav,raj.yadav975@email.com,Delhi,Delhi,Premium,2024-12-20
C0976,Ritu Verma,ritu.verma976@email.com,Nagpur,Maharashtra,Regular,2024-12-03
C0977,Arjun Sharma,arjun.sharma977@email.com,Ahmedabad,Gujarat,Regular,2023-03-31
C0978,Suresh Yadav,suresh.yadav978@email.com,Bangalore,Karnataka,Regular,2023-03-14
C0979,Suresh Joshi,suresh.joshi979@email.com,Hyderabad,Telangana,Regular,2024-02-02
C0980,Ritu Gupta,ritu.gupta980@email.com,Pune,Maharashtra,Regular,2023-01-18
C0981,Anjali Sharma,anjali.sharma981@email.com,Delhi,Delhi,Premium,2024-10-18
C0982,Rohit Sharma,rohit.sharma982@email.com,Delhi,Delhi,Premium,2024-12-18
C0983,Deepak Verma,deepak.verma983@email.com,Kolkata,West Bengal,Premium,2023-10-24
C0984,Smita Verma,smita.verma984@email.com,Chennai,Tamil Nadu,Premium,2023-10-16
C0985,Ankit Joshi,ankit.joshi985@email.com,Ahmedabad,Gujarat,Regular,2024-11-07
C0986,Anjali Patel,anjali.patel986@email.com,Bangalore,Karnataka,Premium,2023-05-20
C0987,Anjali Kumar,anjali.kumar987@email.com,Indore,Madhya Pradesh,Regular,2024-10-11
C0988,Divya Sharma,divya.sharma988@email.com,Surat,Gujarat,Premium,2024-07-20
C0989,Sunita Sharma,sunita.sharma989@email.com,Bangalore,Karnataka,Regular,2023-01-06
C0990,Anjali Yadav,anjali.yadav990@email.com,Pune,Maharashtra,Regular,2023-03-29
C0991,Divya Patel,divya.patel991@email.com,Nagpur,Maharashtra,VIP,2024-02-27
C0992,Deepak Singh,deepak.singh992@email.com,Bhopal,Madhya Pradesh,Regular,2023-06-14
C0993,Suresh Patel,suresh.patel993@email.com,Lucknow,Uttar Pradesh,Regular,2023-04-28
C0994,Rohit Sharma,rohit.sharma994@email.com,Indore,Madhya Pradesh,Regular,2024-07-16
C0995,Amit Kumar,amit.kumar995@email.com,Jaipur,Rajasthan,Regular,2024-11-18
C0996,Raj Mishra,raj.mishra996@email.com,Delhi,Delhi,VIP,2024-05-13
C0997,Vijay Patel,vijay.patel997@email.com,Kolkata,West Bengal,Regular,2023-04-13
C0998,Raj Gupta,raj.gupta998@email.com,Delhi,Delhi,Regular,2024-05-12
C0999,Kavita Mishra,kavita.mishra999@email.com,Lucknow,Uttar Pradesh,Regular,2023-06-06
C1000,Arjun Joshi,arjun.joshi1000@email.com,Kolkata,West Bengal,Regular,2023-06-22
